id	yob	age	gender	total_time	i	target	accept	rt	upper_time	lower_time
GVH1BZ	2000	24	férfi	572051	1	szláken	FALSE	7180	974912.689	-250500.689
GVH1BZ	2000	24	férfi	572051	2	laben	FALSE	7363	974912.689	-250500.689
GVH1BZ	2000	24	férfi	572051	3	mojem	TRUE	7147	974912.689	-250500.689
GVH1BZ	2000	24	férfi	572051	4	daken	TRUE	7950	974912.689	-250500.689
GVH1BZ	2000	24	férfi	572051	5	mojem	FALSE	13302	974912.689	-250500.689
GVH1BZ	2000	24	férfi	572051	6	gortesz	TRUE	6100	974912.689	-250500.689
GVH1BZ	2000	24	férfi	572051	7	pratec	TRUE	9920	974912.689	-250500.689
GVH1BZ	2000	24	férfi	572051	8	pámen	TRUE	3760	974912.689	-250500.689
GVH1BZ	2000	24	férfi	572051	9	próngem	FALSE	11348	974912.689	-250500.689
GVH1BZ	2000	24	férfi	572051	10	szláken	TRUE	8949	974912.689	-250500.689
GVH1BZ	2000	24	férfi	572051	11	sudel	FALSE	5432	974912.689	-250500.689
GVH1BZ	2000	24	férfi	572051	12	vódett	FALSE	4726	974912.689	-250500.689
GVH1BZ	2000	24	férfi	572051	13	takkesz	FALSE	9136	974912.689	-250500.689
GVH1BZ	2000	24	férfi	572051	14	kokker	FALSE	14127	974912.689	-250500.689
GVH1BZ	2000	24	férfi	572051	15	voglens	FALSE	13720	974912.689	-250500.689
GVH1BZ	2000	24	férfi	572051	16	bojex	TRUE	2921	974912.689	-250500.689
GVH1BZ	2000	24	férfi	572051	17	trumlex	TRUE	11815	974912.689	-250500.689
GVH1BZ	2000	24	férfi	572051	18	daken	TRUE	8655	974912.689	-250500.689
GVH1BZ	2000	24	férfi	572051	19	plosztem	TRUE	4548	974912.689	-250500.689
GVH1BZ	2000	24	férfi	572051	20	stokler	TRUE	4183	974912.689	-250500.689
GVH1BZ	2000	24	férfi	572051	21	pofszett	TRUE	3761	974912.689	-250500.689
GVH1BZ	2000	24	férfi	572051	22	kamesz	TRUE	3816	974912.689	-250500.689
GVH1BZ	2000	24	férfi	572051	23	loftvens	FALSE	6847	974912.689	-250500.689
GVH1BZ	2000	24	férfi	572051	24	slotens	TRUE	4268	974912.689	-250500.689
GVH1BZ	2000	24	férfi	572051	25	kokker	TRUE	4254	974912.689	-250500.689
GVH1BZ	2000	24	férfi	572051	26	rojett	TRUE	6968	974912.689	-250500.689
GVH1BZ	2000	24	férfi	572051	27	kampesz	TRUE	3156	974912.689	-250500.689
GVH1BZ	2000	24	férfi	572051	28	hókens	FALSE	3199	974912.689	-250500.689
GVH1BZ	2000	24	férfi	572051	29	kacsek	TRUE	4615	974912.689	-250500.689
GVH1BZ	2000	24	férfi	572051	30	bórcer	FALSE	4655	974912.689	-250500.689
GVH1BZ	2000	24	férfi	572051	31	kumek	TRUE	6590	974912.689	-250500.689
GVH1BZ	2000	24	férfi	572051	32	flotek	TRUE	4668	974912.689	-250500.689
GVH1BZ	2000	24	férfi	572051	33	bondett	FALSE	4198	974912.689	-250500.689
GVH1BZ	2000	24	férfi	572051	34	szkatyec	TRUE	4088	974912.689	-250500.689
GVH1BZ	2000	24	férfi	572051	35	pódens	FALSE	3918	974912.689	-250500.689
GVH1BZ	2000	24	férfi	572051	36	tokex	FALSE	6656	974912.689	-250500.689
GVH1BZ	2000	24	férfi	572051	37	ubrem	FALSE	12325	974912.689	-250500.689
GVH1BZ	2000	24	férfi	572051	38	pofszett	TRUE	3740	974912.689	-250500.689
GVH1BZ	2000	24	férfi	572051	39	bralek	TRUE	3148	974912.689	-250500.689
GVH1BZ	2000	24	férfi	572051	40	flotek	TRUE	10825	974912.689	-250500.689
GVH1BZ	2000	24	férfi	572051	41	kajler	FALSE	7542	974912.689	-250500.689
GVH1BZ	2000	24	férfi	572051	42	voglens	FALSE	8540	974912.689	-250500.689
GVH1BZ	2000	24	férfi	572051	43	tosztem	FALSE	9818	974912.689	-250500.689
GVH1BZ	2000	24	férfi	572051	44	takkesz	TRUE	3406	974912.689	-250500.689
GVH1BZ	2000	24	férfi	572051	45	bálen	TRUE	6408	974912.689	-250500.689
GVH1BZ	2000	24	férfi	572051	46	moplec	FALSE	9377	974912.689	-250500.689
GVH1BZ	2000	24	férfi	572051	47	slotens	TRUE	1462	974912.689	-250500.689
GVH1BZ	2000	24	férfi	572051	48	rojett	TRUE	1992	974912.689	-250500.689
GVH1BZ	2000	24	férfi	572051	49	bachesz	TRUE	2195	974912.689	-250500.689
GVH1BZ	2000	24	férfi	572051	50	baktec	FALSE	4152	974912.689	-250500.689
GVH1BZ	2000	24	férfi	572051	51	ojett	FALSE	2482	974912.689	-250500.689
GVH1BZ	2000	24	férfi	572051	52	pámen	FALSE	3064	974912.689	-250500.689
GVH1BZ	2000	24	férfi	572051	53	kranel	FALSE	3498	974912.689	-250500.689
GVH1BZ	2000	24	férfi	572051	54	tokex	TRUE	10294	974912.689	-250500.689
GVH1BZ	2000	24	férfi	572051	55	dubex	FALSE	5016	974912.689	-250500.689
GVH1BZ	2000	24	férfi	572051	56	suter	FALSE	1791	974912.689	-250500.689
GVH1BZ	2000	24	férfi	572051	57	moplec	FALSE	5064	974912.689	-250500.689
GVH1BZ	2000	24	férfi	572051	58	gortesz	FALSE	3570	974912.689	-250500.689
GVH1BZ	2000	24	férfi	572051	59	kojex	FALSE	6570	974912.689	-250500.689
GVH1BZ	2000	24	férfi	572051	60	sapec	TRUE	3641	974912.689	-250500.689
GVH1BZ	2000	24	férfi	572051	61	ojett	FALSE	4223	974912.689	-250500.689
GVH1BZ	2000	24	férfi	572051	62	bojex	FALSE	3313	974912.689	-250500.689
GVH1BZ	2000	24	férfi	572051	63	forrel	FALSE	5555	974912.689	-250500.689
GVH1BZ	2000	24	férfi	572051	64	saklek	FALSE	5019	974912.689	-250500.689
GVH1BZ	2000	24	férfi	572051	65	pratec	FALSE	8543	974912.689	-250500.689
GVH1BZ	2000	24	férfi	572051	66	hacel	TRUE	1969	974912.689	-250500.689
GVH1BZ	2000	24	férfi	572051	67	sapec	TRUE	2593	974912.689	-250500.689
GVH1BZ	2000	24	férfi	572051	68	pódens	TRUE	2605	974912.689	-250500.689
GVH1BZ	2000	24	férfi	572051	69	ubrem	FALSE	8686	974912.689	-250500.689
GVH1BZ	2000	24	férfi	572051	70	hodel	TRUE	1691	974912.689	-250500.689
GVH1BZ	2000	24	férfi	572051	71	baktec	TRUE	5329	974912.689	-250500.689
GVH1BZ	2000	24	férfi	572051	72	tosztem	TRUE	2183	974912.689	-250500.689
GVH1BZ	2000	24	férfi	572051	73	bálen	FALSE	6513	974912.689	-250500.689
GVH1BZ	2000	24	férfi	572051	74	kojex	TRUE	11643	974912.689	-250500.689
GVH1BZ	2000	24	férfi	572051	75	kamesz	TRUE	1664	974912.689	-250500.689
GVH1BZ	2000	24	férfi	572051	76	vódett	FALSE	2365	974912.689	-250500.689
GVH1BZ	2000	24	férfi	572051	77	próngem	TRUE	13825	974912.689	-250500.689
GVH1BZ	2000	24	férfi	572051	78	saklek	FALSE	4627	974912.689	-250500.689
GVH1BZ	2000	24	férfi	572051	79	laben	FALSE	6943	974912.689	-250500.689
GVH1BZ	2000	24	férfi	572051	80	stokler	FALSE	8649	974912.689	-250500.689
GVH1BZ	2000	24	férfi	572051	81	bralek	FALSE	8606	974912.689	-250500.689
GVH1BZ	2000	24	férfi	572051	82	kumek	TRUE	27834	974912.689	-250500.689
GVH1BZ	2000	24	férfi	572051	83	plosztem	FALSE	1471	974912.689	-250500.689
GVH1BZ	2000	24	férfi	572051	84	suter	TRUE	1897	974912.689	-250500.689
GVH1BZ	2000	24	férfi	572051	85	hodel	FALSE	3044	974912.689	-250500.689
GVH1BZ	2000	24	férfi	572051	86	kranel	TRUE	3906	974912.689	-250500.689
GVH1BZ	2000	24	férfi	572051	87	hókens	FALSE	7662	974912.689	-250500.689
GVH1BZ	2000	24	férfi	572051	88	loftvens	FALSE	4307	974912.689	-250500.689
GVH1BZ	2000	24	férfi	572051	89	sudel	TRUE	1464	974912.689	-250500.689
GVH1BZ	2000	24	férfi	572051	90	bondett	FALSE	1616	974912.689	-250500.689
GVH1BZ	2000	24	férfi	572051	91	forrel	FALSE	2591	974912.689	-250500.689
GVH1BZ	2000	24	férfi	572051	92	hacel	FALSE	2585	974912.689	-250500.689
GVH1BZ	2000	24	férfi	572051	93	kajler	TRUE	3402	974912.689	-250500.689
GVH1BZ	2000	24	férfi	572051	94	dubex	TRUE	5657	974912.689	-250500.689
GVH1BZ	2000	24	férfi	572051	95	kampesz	TRUE	1434	974912.689	-250500.689
GVH1BZ	2000	24	férfi	572051	96	kacsek	TRUE	6999	974912.689	-250500.689
GVH1BZ	2000	24	férfi	572051	97	bórcer	FALSE	1848	974912.689	-250500.689
GVH1BZ	2000	24	férfi	572051	98	szkatyec	FALSE	3227	974912.689	-250500.689
GVH1BZ	2000	24	férfi	572051	99	bachesz	FALSE	3267	974912.689	-250500.689
GVH1BZ	2000	24	férfi	572051	100	trumlex	FALSE	3437	974912.689	-250500.689
VMQ5TC	2004	20	f	16795	1	sudel	TRUE	50	974912.689	-250500.689
VMQ5TC	2004	20	f	16795	2	suter	FALSE	94	974912.689	-250500.689
VMQ5TC	2004	20	f	16795	3	ojett	FALSE	120	974912.689	-250500.689
VMQ5TC	2004	20	f	16795	4	kojex	TRUE	27	974912.689	-250500.689
VMQ5TC	2004	20	f	16795	5	rojett	FALSE	99	974912.689	-250500.689
VMQ5TC	2004	20	f	16795	6	kranel	FALSE	73	974912.689	-250500.689
VMQ5TC	2004	20	f	16795	7	pódens	TRUE	5	974912.689	-250500.689
VMQ5TC	2004	20	f	16795	8	vódett	FALSE	118	974912.689	-250500.689
VMQ5TC	2004	20	f	16795	9	kranel	FALSE	84	974912.689	-250500.689
VMQ5TC	2004	20	f	16795	10	kamesz	FALSE	49	974912.689	-250500.689
VMQ5TC	2004	20	f	16795	11	bórcer	FALSE	106	974912.689	-250500.689
VMQ5TC	2004	20	f	16795	12	flotek	FALSE	86	974912.689	-250500.689
VMQ5TC	2004	20	f	16795	13	bojex	FALSE	4767	974912.689	-250500.689
VMQ5TC	2004	20	f	16795	14	kokker	TRUE	951	974912.689	-250500.689
VMQ5TC	2004	20	f	16795	15	daken	FALSE	323	974912.689	-250500.689
VMQ5TC	2004	20	f	16795	16	bojex	TRUE	47	974912.689	-250500.689
VMQ5TC	2004	20	f	16795	17	bálen	FALSE	92	974912.689	-250500.689
VMQ5TC	2004	20	f	16795	18	mojem	TRUE	18	974912.689	-250500.689
VMQ5TC	2004	20	f	16795	19	tosztem	FALSE	48	974912.689	-250500.689
VMQ5TC	2004	20	f	16795	20	saklek	TRUE	164	974912.689	-250500.689
VMQ5TC	2004	20	f	16795	21	kumek	TRUE	161	974912.689	-250500.689
VMQ5TC	2004	20	f	16795	22	baktec	FALSE	3	974912.689	-250500.689
VMQ5TC	2004	20	f	16795	23	kampesz	TRUE	2	974912.689	-250500.689
VMQ5TC	2004	20	f	16795	24	próngem	TRUE	129	974912.689	-250500.689
VMQ5TC	2004	20	f	16795	25	dubex	TRUE	59	974912.689	-250500.689
VMQ5TC	2004	20	f	16795	26	saklek	TRUE	275	974912.689	-250500.689
VMQ5TC	2004	20	f	16795	27	trumlex	FALSE	58	974912.689	-250500.689
VMQ5TC	2004	20	f	16795	28	suter	FALSE	100	974912.689	-250500.689
VMQ5TC	2004	20	f	16795	29	slotens	FALSE	426	974912.689	-250500.689
VMQ5TC	2004	20	f	16795	30	voglens	TRUE	449	974912.689	-250500.689
VMQ5TC	2004	20	f	16795	31	voglens	TRUE	104	974912.689	-250500.689
VMQ5TC	2004	20	f	16795	32	gortesz	TRUE	12	974912.689	-250500.689
VMQ5TC	2004	20	f	16795	33	forrel	TRUE	105	974912.689	-250500.689
VMQ5TC	2004	20	f	16795	34	tosztem	FALSE	47	974912.689	-250500.689
VMQ5TC	2004	20	f	16795	35	tokex	TRUE	27	974912.689	-250500.689
VMQ5TC	2004	20	f	16795	36	ubrem	FALSE	11	974912.689	-250500.689
VMQ5TC	2004	20	f	16795	37	pofszett	FALSE	7	974912.689	-250500.689
VMQ5TC	2004	20	f	16795	38	daken	FALSE	19	974912.689	-250500.689
VMQ5TC	2004	20	f	16795	39	pódens	TRUE	120	974912.689	-250500.689
VMQ5TC	2004	20	f	16795	40	bralek	TRUE	77	974912.689	-250500.689
VMQ5TC	2004	20	f	16795	41	slotens	TRUE	173	974912.689	-250500.689
VMQ5TC	2004	20	f	16795	42	bachesz	FALSE	35	974912.689	-250500.689
VMQ5TC	2004	20	f	16795	43	szkatyec	FALSE	43	974912.689	-250500.689
VMQ5TC	2004	20	f	16795	44	szláken	FALSE	141	974912.689	-250500.689
VMQ5TC	2004	20	f	16795	45	moplec	TRUE	33	974912.689	-250500.689
VMQ5TC	2004	20	f	16795	46	kojex	FALSE	134	974912.689	-250500.689
VMQ5TC	2004	20	f	16795	47	hodel	TRUE	26	974912.689	-250500.689
VMQ5TC	2004	20	f	16795	48	bondett	FALSE	63	974912.689	-250500.689
VMQ5TC	2004	20	f	16795	49	tokex	TRUE	8	974912.689	-250500.689
VMQ5TC	2004	20	f	16795	50	stokler	FALSE	2	974912.689	-250500.689
VMQ5TC	2004	20	f	16795	51	plosztem	TRUE	111	974912.689	-250500.689
VMQ5TC	2004	20	f	16795	52	szkatyec	FALSE	61	974912.689	-250500.689
VMQ5TC	2004	20	f	16795	53	gortesz	FALSE	93	974912.689	-250500.689
VMQ5TC	2004	20	f	16795	54	kokker	FALSE	82	974912.689	-250500.689
VMQ5TC	2004	20	f	16795	55	laben	TRUE	53	974912.689	-250500.689
VMQ5TC	2004	20	f	16795	56	próngem	TRUE	58	974912.689	-250500.689
VMQ5TC	2004	20	f	16795	57	hókens	TRUE	165	974912.689	-250500.689
VMQ5TC	2004	20	f	16795	58	bralek	FALSE	15	974912.689	-250500.689
VMQ5TC	2004	20	f	16795	59	pratec	TRUE	303	974912.689	-250500.689
VMQ5TC	2004	20	f	16795	60	ojett	TRUE	4	974912.689	-250500.689
VMQ5TC	2004	20	f	16795	61	plosztem	TRUE	501	974912.689	-250500.689
VMQ5TC	2004	20	f	16795	62	hodel	FALSE	182	974912.689	-250500.689
VMQ5TC	2004	20	f	16795	63	rojett	FALSE	102	974912.689	-250500.689
VMQ5TC	2004	20	f	16795	64	kacsek	TRUE	174	974912.689	-250500.689
VMQ5TC	2004	20	f	16795	65	ubrem	FALSE	86	974912.689	-250500.689
VMQ5TC	2004	20	f	16795	66	bórcer	TRUE	76	974912.689	-250500.689
VMQ5TC	2004	20	f	16795	67	laben	FALSE	6	974912.689	-250500.689
VMQ5TC	2004	20	f	16795	68	kacsek	FALSE	83	974912.689	-250500.689
VMQ5TC	2004	20	f	16795	69	kamesz	FALSE	3	974912.689	-250500.689
VMQ5TC	2004	20	f	16795	70	kampesz	FALSE	141	974912.689	-250500.689
VMQ5TC	2004	20	f	16795	71	kajler	TRUE	649	974912.689	-250500.689
VMQ5TC	2004	20	f	16795	72	kumek	FALSE	131	974912.689	-250500.689
VMQ5TC	2004	20	f	16795	73	pratec	FALSE	101	974912.689	-250500.689
VMQ5TC	2004	20	f	16795	74	loftvens	TRUE	165	974912.689	-250500.689
VMQ5TC	2004	20	f	16795	75	loftvens	FALSE	100	974912.689	-250500.689
VMQ5TC	2004	20	f	16795	76	szláken	TRUE	27	974912.689	-250500.689
VMQ5TC	2004	20	f	16795	77	vódett	FALSE	21	974912.689	-250500.689
VMQ5TC	2004	20	f	16795	78	trumlex	FALSE	119	974912.689	-250500.689
VMQ5TC	2004	20	f	16795	79	stokler	TRUE	2	974912.689	-250500.689
VMQ5TC	2004	20	f	16795	80	sapec	FALSE	260	974912.689	-250500.689
VMQ5TC	2004	20	f	16795	81	mojem	TRUE	151	974912.689	-250500.689
VMQ5TC	2004	20	f	16795	82	hókens	FALSE	153	974912.689	-250500.689
VMQ5TC	2004	20	f	16795	83	moplec	FALSE	171	974912.689	-250500.689
VMQ5TC	2004	20	f	16795	84	pámen	FALSE	104	974912.689	-250500.689
VMQ5TC	2004	20	f	16795	85	pofszett	FALSE	10	974912.689	-250500.689
VMQ5TC	2004	20	f	16795	86	baktec	TRUE	188	974912.689	-250500.689
VMQ5TC	2004	20	f	16795	87	kajler	FALSE	85	974912.689	-250500.689
VMQ5TC	2004	20	f	16795	88	sapec	TRUE	104	974912.689	-250500.689
VMQ5TC	2004	20	f	16795	89	pámen	FALSE	118	974912.689	-250500.689
VMQ5TC	2004	20	f	16795	90	bondett	FALSE	196	974912.689	-250500.689
VMQ5TC	2004	20	f	16795	91	hacel	FALSE	50	974912.689	-250500.689
VMQ5TC	2004	20	f	16795	92	takkesz	FALSE	26	974912.689	-250500.689
VMQ5TC	2004	20	f	16795	93	flotek	FALSE	57	974912.689	-250500.689
VMQ5TC	2004	20	f	16795	94	bálen	FALSE	12	974912.689	-250500.689
VMQ5TC	2004	20	f	16795	95	sudel	FALSE	53	974912.689	-250500.689
VMQ5TC	2004	20	f	16795	96	takkesz	FALSE	140	974912.689	-250500.689
VMQ5TC	2004	20	f	16795	97	hacel	FALSE	483	974912.689	-250500.689
VMQ5TC	2004	20	f	16795	98	forrel	FALSE	10	974912.689	-250500.689
VMQ5TC	2004	20	f	16795	99	dubex	FALSE	118	974912.689	-250500.689
VMQ5TC	2004	20	f	16795	100	bachesz	FALSE	522	974912.689	-250500.689
O69I3D	2007	17	n	455687	1	próngem	FALSE	10927	974912.689	-250500.689
O69I3D	2007	17	n	455687	2	trumlex	FALSE	4362	974912.689	-250500.689
O69I3D	2007	17	n	455687	3	suter	TRUE	3804	974912.689	-250500.689
O69I3D	2007	17	n	455687	4	loftvens	FALSE	4899	974912.689	-250500.689
O69I3D	2007	17	n	455687	5	hacel	TRUE	4923	974912.689	-250500.689
O69I3D	2007	17	n	455687	6	pratec	TRUE	2939	974912.689	-250500.689
O69I3D	2007	17	n	455687	7	rojett	TRUE	2895	974912.689	-250500.689
O69I3D	2007	17	n	455687	8	trumlex	TRUE	4833	974912.689	-250500.689
O69I3D	2007	17	n	455687	9	pódens	FALSE	4259	974912.689	-250500.689
O69I3D	2007	17	n	455687	10	hacel	TRUE	2536	974912.689	-250500.689
O69I3D	2007	17	n	455687	11	hókens	FALSE	3014	974912.689	-250500.689
O69I3D	2007	17	n	455687	12	kojex	TRUE	2847	974912.689	-250500.689
O69I3D	2007	17	n	455687	13	ubrem	TRUE	6694	974912.689	-250500.689
O69I3D	2007	17	n	455687	14	slotens	FALSE	6594	974912.689	-250500.689
O69I3D	2007	17	n	455687	15	takkesz	TRUE	3809	974912.689	-250500.689
O69I3D	2007	17	n	455687	16	pofszett	FALSE	5358	974912.689	-250500.689
O69I3D	2007	17	n	455687	17	bachesz	TRUE	3241	974912.689	-250500.689
O69I3D	2007	17	n	455687	18	bálen	TRUE	3502	974912.689	-250500.689
O69I3D	2007	17	n	455687	19	bojex	FALSE	5219	974912.689	-250500.689
O69I3D	2007	17	n	455687	20	szkatyec	TRUE	4636	974912.689	-250500.689
O69I3D	2007	17	n	455687	21	bálen	TRUE	3962	974912.689	-250500.689
O69I3D	2007	17	n	455687	22	tokex	TRUE	3810	974912.689	-250500.689
O69I3D	2007	17	n	455687	23	stokler	FALSE	10338	974912.689	-250500.689
O69I3D	2007	17	n	455687	24	hodel	FALSE	8901	974912.689	-250500.689
O69I3D	2007	17	n	455687	25	baktec	FALSE	9058	974912.689	-250500.689
O69I3D	2007	17	n	455687	26	voglens	FALSE	5125	974912.689	-250500.689
O69I3D	2007	17	n	455687	27	bralek	TRUE	4436	974912.689	-250500.689
O69I3D	2007	17	n	455687	28	hodel	FALSE	2612	974912.689	-250500.689
O69I3D	2007	17	n	455687	29	baktec	TRUE	4652	974912.689	-250500.689
O69I3D	2007	17	n	455687	30	kokker	FALSE	8250	974912.689	-250500.689
O69I3D	2007	17	n	455687	31	loftvens	FALSE	3756	974912.689	-250500.689
O69I3D	2007	17	n	455687	32	daken	TRUE	4581	974912.689	-250500.689
O69I3D	2007	17	n	455687	33	szkatyec	TRUE	3478	974912.689	-250500.689
O69I3D	2007	17	n	455687	34	sudel	TRUE	4317	974912.689	-250500.689
O69I3D	2007	17	n	455687	35	bondett	TRUE	2620	974912.689	-250500.689
O69I3D	2007	17	n	455687	36	ojett	FALSE	5383	974912.689	-250500.689
O69I3D	2007	17	n	455687	37	kamesz	FALSE	2478	974912.689	-250500.689
O69I3D	2007	17	n	455687	38	mojem	FALSE	2999	974912.689	-250500.689
O69I3D	2007	17	n	455687	39	rojett	TRUE	6278	974912.689	-250500.689
O69I3D	2007	17	n	455687	40	moplec	TRUE	8585	974912.689	-250500.689
O69I3D	2007	17	n	455687	41	vódett	FALSE	4464	974912.689	-250500.689
O69I3D	2007	17	n	455687	42	laben	TRUE	3213	974912.689	-250500.689
O69I3D	2007	17	n	455687	43	vódett	TRUE	3784	974912.689	-250500.689
O69I3D	2007	17	n	455687	44	mojem	TRUE	2744	974912.689	-250500.689
O69I3D	2007	17	n	455687	45	voglens	FALSE	2295	974912.689	-250500.689
O69I3D	2007	17	n	455687	46	hókens	FALSE	3364	974912.689	-250500.689
O69I3D	2007	17	n	455687	47	kampesz	TRUE	5871	974912.689	-250500.689
O69I3D	2007	17	n	455687	48	flotek	TRUE	3816	974912.689	-250500.689
O69I3D	2007	17	n	455687	49	forrel	TRUE	2052	974912.689	-250500.689
O69I3D	2007	17	n	455687	50	szláken	FALSE	4284	974912.689	-250500.689
O69I3D	2007	17	n	455687	51	pámen	FALSE	8199	974912.689	-250500.689
O69I3D	2007	17	n	455687	52	bórcer	TRUE	2689	974912.689	-250500.689
O69I3D	2007	17	n	455687	53	kampesz	TRUE	1803	974912.689	-250500.689
O69I3D	2007	17	n	455687	54	pratec	TRUE	2446	974912.689	-250500.689
O69I3D	2007	17	n	455687	55	dubex	FALSE	4744	974912.689	-250500.689
O69I3D	2007	17	n	455687	56	stokler	FALSE	2264	974912.689	-250500.689
O69I3D	2007	17	n	455687	57	plosztem	FALSE	3431	974912.689	-250500.689
O69I3D	2007	17	n	455687	58	pódens	FALSE	5648	974912.689	-250500.689
O69I3D	2007	17	n	455687	59	kajler	TRUE	3537	974912.689	-250500.689
O69I3D	2007	17	n	455687	60	gortesz	FALSE	3214	974912.689	-250500.689
O69I3D	2007	17	n	455687	61	bondett	FALSE	7402	974912.689	-250500.689
O69I3D	2007	17	n	455687	62	kumek	TRUE	2045	974912.689	-250500.689
O69I3D	2007	17	n	455687	63	bojex	TRUE	6600	974912.689	-250500.689
O69I3D	2007	17	n	455687	64	tosztem	TRUE	4497	974912.689	-250500.689
O69I3D	2007	17	n	455687	65	szláken	FALSE	4145	974912.689	-250500.689
O69I3D	2007	17	n	455687	66	dubex	FALSE	2867	974912.689	-250500.689
O69I3D	2007	17	n	455687	67	sudel	FALSE	3125	974912.689	-250500.689
O69I3D	2007	17	n	455687	68	kranel	TRUE	3376	974912.689	-250500.689
O69I3D	2007	17	n	455687	69	flotek	FALSE	4335	974912.689	-250500.689
O69I3D	2007	17	n	455687	70	bralek	TRUE	2791	974912.689	-250500.689
O69I3D	2007	17	n	455687	71	laben	TRUE	8948	974912.689	-250500.689
O69I3D	2007	17	n	455687	72	moplec	FALSE	2354	974912.689	-250500.689
O69I3D	2007	17	n	455687	73	plosztem	FALSE	6810	974912.689	-250500.689
O69I3D	2007	17	n	455687	74	sapec	TRUE	12564	974912.689	-250500.689
O69I3D	2007	17	n	455687	75	forrel	FALSE	3286	974912.689	-250500.689
O69I3D	2007	17	n	455687	76	próngem	FALSE	5004	974912.689	-250500.689
O69I3D	2007	17	n	455687	77	kamesz	TRUE	4074	974912.689	-250500.689
O69I3D	2007	17	n	455687	78	bórcer	TRUE	6319	974912.689	-250500.689
O69I3D	2007	17	n	455687	79	kumek	FALSE	4655	974912.689	-250500.689
O69I3D	2007	17	n	455687	80	suter	FALSE	3149	974912.689	-250500.689
O69I3D	2007	17	n	455687	81	kacsek	TRUE	2181	974912.689	-250500.689
O69I3D	2007	17	n	455687	82	kranel	TRUE	2108	974912.689	-250500.689
O69I3D	2007	17	n	455687	83	daken	FALSE	6617	974912.689	-250500.689
O69I3D	2007	17	n	455687	84	takkesz	TRUE	5392	974912.689	-250500.689
O69I3D	2007	17	n	455687	85	bachesz	TRUE	5987	974912.689	-250500.689
O69I3D	2007	17	n	455687	86	pámen	FALSE	2595	974912.689	-250500.689
O69I3D	2007	17	n	455687	87	kacsek	TRUE	6300	974912.689	-250500.689
O69I3D	2007	17	n	455687	88	saklek	TRUE	4962	974912.689	-250500.689
O69I3D	2007	17	n	455687	89	ubrem	FALSE	2956	974912.689	-250500.689
O69I3D	2007	17	n	455687	90	ojett	FALSE	3101	974912.689	-250500.689
O69I3D	2007	17	n	455687	91	tokex	TRUE	5717	974912.689	-250500.689
O69I3D	2007	17	n	455687	92	gortesz	FALSE	4023	974912.689	-250500.689
O69I3D	2007	17	n	455687	93	kajler	FALSE	3313	974912.689	-250500.689
O69I3D	2007	17	n	455687	94	slotens	FALSE	2493	974912.689	-250500.689
O69I3D	2007	17	n	455687	95	pofszett	FALSE	3450	974912.689	-250500.689
O69I3D	2007	17	n	455687	96	kojex	TRUE	4016	974912.689	-250500.689
O69I3D	2007	17	n	455687	97	tosztem	FALSE	4083	974912.689	-250500.689
O69I3D	2007	17	n	455687	98	sapec	TRUE	5096	974912.689	-250500.689
O69I3D	2007	17	n	455687	99	saklek	TRUE	9700	974912.689	-250500.689
O69I3D	2007	17	n	455687	100	kokker	TRUE	2479	974912.689	-250500.689
GQ15XI	2003	21	n	176853	1	próngem	TRUE	6777	974912.689	-250500.689
GQ15XI	2003	21	n	176853	2	kacsek	TRUE	6401	974912.689	-250500.689
GQ15XI	2003	21	n	176853	3	bálen	TRUE	7064	974912.689	-250500.689
GQ15XI	2003	21	n	176853	4	hacel	FALSE	5885	974912.689	-250500.689
GQ15XI	2003	21	n	176853	5	baktec	TRUE	9486	974912.689	-250500.689
GQ15XI	2003	21	n	176853	6	takkesz	TRUE	4640	974912.689	-250500.689
GQ15XI	2003	21	n	176853	7	kacsek	FALSE	3354	974912.689	-250500.689
GQ15XI	2003	21	n	176853	8	sudel	TRUE	5374	974912.689	-250500.689
GQ15XI	2003	21	n	176853	9	bojex	TRUE	3882	974912.689	-250500.689
GQ15XI	2003	21	n	176853	10	suter	TRUE	3192	974912.689	-250500.689
GQ15XI	2003	21	n	176853	11	loftvens	FALSE	6378	974912.689	-250500.689
GQ15XI	2003	21	n	176853	12	bachesz	FALSE	4035	974912.689	-250500.689
GQ15XI	2003	21	n	176853	13	kamesz	TRUE	2415	974912.689	-250500.689
GQ15XI	2003	21	n	176853	14	szláken	FALSE	4198	974912.689	-250500.689
GQ15XI	2003	21	n	176853	15	mojem	TRUE	6389	974912.689	-250500.689
GQ15XI	2003	21	n	176853	16	stokler	TRUE	4964	974912.689	-250500.689
GQ15XI	2003	21	n	176853	17	szláken	FALSE	4064	974912.689	-250500.689
GQ15XI	2003	21	n	176853	18	pámen	TRUE	3336	974912.689	-250500.689
GQ15XI	2003	21	n	176853	19	stokler	TRUE	2036	974912.689	-250500.689
GQ15XI	2003	21	n	176853	20	flotek	FALSE	7790	974912.689	-250500.689
GQ15XI	2003	21	n	176853	21	pódens	FALSE	5146	974912.689	-250500.689
GQ15XI	2003	21	n	176853	22	voglens	TRUE	7992	974912.689	-250500.689
GQ15XI	2003	21	n	176853	23	slotens	TRUE	2921	974912.689	-250500.689
GQ15XI	2003	21	n	176853	24	tosztem	TRUE	6248	974912.689	-250500.689
GQ15XI	2003	21	n	176853	25	bralek	TRUE	3964	974912.689	-250500.689
GQ15XI	2003	21	n	176853	26	moplec	FALSE	4526	974912.689	-250500.689
GQ15XI	2003	21	n	176853	27	kokker	TRUE	2862	974912.689	-250500.689
GQ15XI	2003	21	n	176853	28	kokker	TRUE	2878	974912.689	-250500.689
GQ15XI	2003	21	n	176853	29	dubex	TRUE	3193	974912.689	-250500.689
GQ15XI	2003	21	n	176853	30	kamesz	TRUE	7096	974912.689	-250500.689
GQ15XI	2003	21	n	176853	31	kojex	TRUE	2527	974912.689	-250500.689
GQ15XI	2003	21	n	176853	32	tosztem	TRUE	3324	974912.689	-250500.689
GQ15XI	2003	21	n	176853	33	sapec	TRUE	2571	974912.689	-250500.689
GQ15XI	2003	21	n	176853	34	szkatyec	TRUE	2591	974912.689	-250500.689
GQ15XI	2003	21	n	176853	35	rojett	FALSE	2770	974912.689	-250500.689
GQ15XI	2003	21	n	176853	36	hodel	TRUE	523	974912.689	-250500.689
GQ15XI	2003	21	n	176853	37	hodel	FALSE	312	974912.689	-250500.689
GQ15XI	2003	21	n	176853	38	vódett	TRUE	93	974912.689	-250500.689
GQ15XI	2003	21	n	176853	39	szkatyec	TRUE	100	974912.689	-250500.689
GQ15XI	2003	21	n	176853	40	forrel	FALSE	218	974912.689	-250500.689
GQ15XI	2003	21	n	176853	41	gortesz	TRUE	164	974912.689	-250500.689
GQ15XI	2003	21	n	176853	42	daken	FALSE	217	974912.689	-250500.689
GQ15XI	2003	21	n	176853	43	dubex	FALSE	288	974912.689	-250500.689
GQ15XI	2003	21	n	176853	44	kampesz	FALSE	96	974912.689	-250500.689
GQ15XI	2003	21	n	176853	45	sudel	TRUE	130	974912.689	-250500.689
GQ15XI	2003	21	n	176853	46	kojex	TRUE	127	974912.689	-250500.689
GQ15XI	2003	21	n	176853	47	trumlex	TRUE	47	974912.689	-250500.689
GQ15XI	2003	21	n	176853	48	tokex	TRUE	20	974912.689	-250500.689
GQ15XI	2003	21	n	176853	49	kumek	FALSE	85	974912.689	-250500.689
GQ15XI	2003	21	n	176853	50	loftvens	TRUE	100	974912.689	-250500.689
GQ15XI	2003	21	n	176853	51	voglens	FALSE	90	974912.689	-250500.689
GQ15XI	2003	21	n	176853	52	ojett	FALSE	118	974912.689	-250500.689
GQ15XI	2003	21	n	176853	53	sapec	FALSE	398	974912.689	-250500.689
GQ15XI	2003	21	n	176853	54	baktec	FALSE	50	974912.689	-250500.689
GQ15XI	2003	21	n	176853	55	bachesz	TRUE	291	974912.689	-250500.689
GQ15XI	2003	21	n	176853	56	pámen	FALSE	245	974912.689	-250500.689
GQ15XI	2003	21	n	176853	57	pofszett	TRUE	324	974912.689	-250500.689
GQ15XI	2003	21	n	176853	58	kajler	TRUE	60	974912.689	-250500.689
GQ15XI	2003	21	n	176853	59	saklek	TRUE	52	974912.689	-250500.689
GQ15XI	2003	21	n	176853	60	bálen	TRUE	119	974912.689	-250500.689
GQ15XI	2003	21	n	176853	61	hacel	TRUE	135	974912.689	-250500.689
GQ15XI	2003	21	n	176853	62	kranel	TRUE	124	974912.689	-250500.689
GQ15XI	2003	21	n	176853	63	pratec	TRUE	2	974912.689	-250500.689
GQ15XI	2003	21	n	176853	64	saklek	FALSE	106	974912.689	-250500.689
GQ15XI	2003	21	n	176853	65	próngem	FALSE	215	974912.689	-250500.689
GQ15XI	2003	21	n	176853	66	laben	TRUE	2	974912.689	-250500.689
GQ15XI	2003	21	n	176853	67	plosztem	FALSE	83	974912.689	-250500.689
GQ15XI	2003	21	n	176853	68	bralek	FALSE	184	974912.689	-250500.689
GQ15XI	2003	21	n	176853	69	laben	FALSE	226	974912.689	-250500.689
GQ15XI	2003	21	n	176853	70	vódett	FALSE	449	974912.689	-250500.689
GQ15XI	2003	21	n	176853	71	forrel	TRUE	271	974912.689	-250500.689
GQ15XI	2003	21	n	176853	72	pratec	FALSE	217	974912.689	-250500.689
GQ15XI	2003	21	n	176853	73	slotens	TRUE	271	974912.689	-250500.689
GQ15XI	2003	21	n	176853	74	ubrem	FALSE	332	974912.689	-250500.689
GQ15XI	2003	21	n	176853	75	rojett	TRUE	330	974912.689	-250500.689
GQ15XI	2003	21	n	176853	76	kampesz	FALSE	914	974912.689	-250500.689
GQ15XI	2003	21	n	176853	77	bojex	TRUE	282	974912.689	-250500.689
GQ15XI	2003	21	n	176853	78	pofszett	FALSE	251	974912.689	-250500.689
GQ15XI	2003	21	n	176853	79	hókens	TRUE	248	974912.689	-250500.689
GQ15XI	2003	21	n	176853	80	pódens	TRUE	271	974912.689	-250500.689
GQ15XI	2003	21	n	176853	81	moplec	FALSE	280	974912.689	-250500.689
GQ15XI	2003	21	n	176853	82	ojett	FALSE	240	974912.689	-250500.689
GQ15XI	2003	21	n	176853	83	gortesz	FALSE	314	974912.689	-250500.689
GQ15XI	2003	21	n	176853	84	suter	TRUE	267	974912.689	-250500.689
GQ15XI	2003	21	n	176853	85	mojem	FALSE	259	974912.689	-250500.689
GQ15XI	2003	21	n	176853	86	kumek	TRUE	220	974912.689	-250500.689
GQ15XI	2003	21	n	176853	87	hókens	FALSE	358	974912.689	-250500.689
GQ15XI	2003	21	n	176853	88	trumlex	TRUE	344	974912.689	-250500.689
GQ15XI	2003	21	n	176853	89	kajler	TRUE	230	974912.689	-250500.689
GQ15XI	2003	21	n	176853	90	bórcer	FALSE	237	974912.689	-250500.689
GQ15XI	2003	21	n	176853	91	tokex	TRUE	347	974912.689	-250500.689
GQ15XI	2003	21	n	176853	92	takkesz	FALSE	252	974912.689	-250500.689
GQ15XI	2003	21	n	176853	93	bondett	FALSE	232	974912.689	-250500.689
GQ15XI	2003	21	n	176853	94	kranel	TRUE	239	974912.689	-250500.689
GQ15XI	2003	21	n	176853	95	flotek	TRUE	299	974912.689	-250500.689
GQ15XI	2003	21	n	176853	96	plosztem	TRUE	2	974912.689	-250500.689
GQ15XI	2003	21	n	176853	97	ubrem	FALSE	60	974912.689	-250500.689
GQ15XI	2003	21	n	176853	98	bondett	FALSE	409	974912.689	-250500.689
GQ15XI	2003	21	n	176853	99	daken	TRUE	549	974912.689	-250500.689
GQ15XI	2003	21	n	176853	100	bórcer	FALSE	266	974912.689	-250500.689
IGQ479	2004	20	f	362206	1	tosztem	TRUE	5587	974912.689	-250500.689
IGQ479	2004	20	f	362206	2	szkatyec	TRUE	6849	974912.689	-250500.689
IGQ479	2004	20	f	362206	3	kamesz	TRUE	2669	974912.689	-250500.689
IGQ479	2004	20	f	362206	4	ubrem	FALSE	4387	974912.689	-250500.689
IGQ479	2004	20	f	362206	5	rojett	FALSE	4302	974912.689	-250500.689
IGQ479	2004	20	f	362206	6	tokex	FALSE	4814	974912.689	-250500.689
IGQ479	2004	20	f	362206	7	bórcer	FALSE	3722	974912.689	-250500.689
IGQ479	2004	20	f	362206	8	slotens	FALSE	7175	974912.689	-250500.689
IGQ479	2004	20	f	362206	9	hodel	FALSE	5741	974912.689	-250500.689
IGQ479	2004	20	f	362206	10	stokler	TRUE	3573	974912.689	-250500.689
IGQ479	2004	20	f	362206	11	kumek	TRUE	4707	974912.689	-250500.689
IGQ479	2004	20	f	362206	12	voglens	FALSE	4479	974912.689	-250500.689
IGQ479	2004	20	f	362206	13	bojex	TRUE	3771	974912.689	-250500.689
IGQ479	2004	20	f	362206	14	baktec	FALSE	4916	974912.689	-250500.689
IGQ479	2004	20	f	362206	15	bálen	TRUE	5807	974912.689	-250500.689
IGQ479	2004	20	f	362206	16	bondett	TRUE	7108	974912.689	-250500.689
IGQ479	2004	20	f	362206	17	takkesz	FALSE	5310	974912.689	-250500.689
IGQ479	2004	20	f	362206	18	gortesz	FALSE	2587	974912.689	-250500.689
IGQ479	2004	20	f	362206	19	loftvens	TRUE	3451	974912.689	-250500.689
IGQ479	2004	20	f	362206	20	kajler	TRUE	3372	974912.689	-250500.689
IGQ479	2004	20	f	362206	21	plosztem	TRUE	6068	974912.689	-250500.689
IGQ479	2004	20	f	362206	22	sudel	FALSE	2779	974912.689	-250500.689
IGQ479	2004	20	f	362206	23	dubex	FALSE	4313	974912.689	-250500.689
IGQ479	2004	20	f	362206	24	kajler	TRUE	3648	974912.689	-250500.689
IGQ479	2004	20	f	362206	25	próngem	TRUE	5825	974912.689	-250500.689
IGQ479	2004	20	f	362206	26	hókens	TRUE	3410	974912.689	-250500.689
IGQ479	2004	20	f	362206	27	saklek	TRUE	2632	974912.689	-250500.689
IGQ479	2004	20	f	362206	28	pódens	TRUE	2557	974912.689	-250500.689
IGQ479	2004	20	f	362206	29	laben	TRUE	2346	974912.689	-250500.689
IGQ479	2004	20	f	362206	30	hacel	TRUE	2733	974912.689	-250500.689
IGQ479	2004	20	f	362206	31	bórcer	TRUE	3375	974912.689	-250500.689
IGQ479	2004	20	f	362206	32	forrel	FALSE	3133	974912.689	-250500.689
IGQ479	2004	20	f	362206	33	daken	TRUE	1935	974912.689	-250500.689
IGQ479	2004	20	f	362206	34	pofszett	FALSE	5648	974912.689	-250500.689
IGQ479	2004	20	f	362206	35	hókens	TRUE	2751	974912.689	-250500.689
IGQ479	2004	20	f	362206	36	pratec	TRUE	3696	974912.689	-250500.689
IGQ479	2004	20	f	362206	37	sudel	TRUE	4426	974912.689	-250500.689
IGQ479	2004	20	f	362206	38	pámen	TRUE	3912	974912.689	-250500.689
IGQ479	2004	20	f	362206	39	próngem	FALSE	4721	974912.689	-250500.689
IGQ479	2004	20	f	362206	40	dubex	FALSE	3632	974912.689	-250500.689
IGQ479	2004	20	f	362206	41	suter	TRUE	2372	974912.689	-250500.689
IGQ479	2004	20	f	362206	42	loftvens	FALSE	2836	974912.689	-250500.689
IGQ479	2004	20	f	362206	43	bralek	TRUE	2655	974912.689	-250500.689
IGQ479	2004	20	f	362206	44	kojex	TRUE	2603	974912.689	-250500.689
IGQ479	2004	20	f	362206	45	slotens	FALSE	5779	974912.689	-250500.689
IGQ479	2004	20	f	362206	46	bachesz	FALSE	3897	974912.689	-250500.689
IGQ479	2004	20	f	362206	47	bálen	TRUE	1923	974912.689	-250500.689
IGQ479	2004	20	f	362206	48	kojex	TRUE	2107	974912.689	-250500.689
IGQ479	2004	20	f	362206	49	rojett	FALSE	2774	974912.689	-250500.689
IGQ479	2004	20	f	362206	50	stokler	TRUE	2009	974912.689	-250500.689
IGQ479	2004	20	f	362206	51	trumlex	FALSE	3287	974912.689	-250500.689
IGQ479	2004	20	f	362206	52	pofszett	FALSE	2436	974912.689	-250500.689
IGQ479	2004	20	f	362206	53	kampesz	TRUE	2100	974912.689	-250500.689
IGQ479	2004	20	f	362206	54	trumlex	FALSE	2699	974912.689	-250500.689
IGQ479	2004	20	f	362206	55	sapec	FALSE	3065	974912.689	-250500.689
IGQ479	2004	20	f	362206	56	pódens	FALSE	4512	974912.689	-250500.689
IGQ479	2004	20	f	362206	57	ubrem	TRUE	4091	974912.689	-250500.689
IGQ479	2004	20	f	362206	58	daken	FALSE	3958	974912.689	-250500.689
IGQ479	2004	20	f	362206	59	szláken	FALSE	3150	974912.689	-250500.689
IGQ479	2004	20	f	362206	60	kamesz	TRUE	2556	974912.689	-250500.689
IGQ479	2004	20	f	362206	61	kumek	TRUE	3239	974912.689	-250500.689
IGQ479	2004	20	f	362206	62	mojem	TRUE	5136	974912.689	-250500.689
IGQ479	2004	20	f	362206	63	moplec	FALSE	7524	974912.689	-250500.689
IGQ479	2004	20	f	362206	64	plosztem	FALSE	2917	974912.689	-250500.689
IGQ479	2004	20	f	362206	65	tokex	FALSE	2389	974912.689	-250500.689
IGQ479	2004	20	f	362206	66	forrel	TRUE	3541	974912.689	-250500.689
IGQ479	2004	20	f	362206	67	mojem	TRUE	2542	974912.689	-250500.689
IGQ479	2004	20	f	362206	68	suter	FALSE	1828	974912.689	-250500.689
IGQ479	2004	20	f	362206	69	flotek	FALSE	3157	974912.689	-250500.689
IGQ479	2004	20	f	362206	70	kokker	TRUE	3744	974912.689	-250500.689
IGQ479	2004	20	f	362206	71	vódett	TRUE	2800	974912.689	-250500.689
IGQ479	2004	20	f	362206	72	saklek	FALSE	3390	974912.689	-250500.689
IGQ479	2004	20	f	362206	73	bojex	TRUE	2324	974912.689	-250500.689
IGQ479	2004	20	f	362206	74	takkesz	TRUE	2052	974912.689	-250500.689
IGQ479	2004	20	f	362206	75	vódett	FALSE	2842	974912.689	-250500.689
IGQ479	2004	20	f	362206	76	tosztem	FALSE	4165	974912.689	-250500.689
IGQ479	2004	20	f	362206	77	hacel	TRUE	2525	974912.689	-250500.689
IGQ479	2004	20	f	362206	78	moplec	FALSE	2290	974912.689	-250500.689
IGQ479	2004	20	f	362206	79	ojett	FALSE	5455	974912.689	-250500.689
IGQ479	2004	20	f	362206	80	bondett	TRUE	2815	974912.689	-250500.689
IGQ479	2004	20	f	362206	81	pratec	FALSE	3258	974912.689	-250500.689
IGQ479	2004	20	f	362206	82	laben	TRUE	2626	974912.689	-250500.689
IGQ479	2004	20	f	362206	83	bralek	TRUE	3096	974912.689	-250500.689
IGQ479	2004	20	f	362206	84	kranel	TRUE	2358	974912.689	-250500.689
IGQ479	2004	20	f	362206	85	bachesz	TRUE	3803	974912.689	-250500.689
IGQ479	2004	20	f	362206	86	kacsek	TRUE	3946	974912.689	-250500.689
IGQ479	2004	20	f	362206	87	kranel	FALSE	3592	974912.689	-250500.689
IGQ479	2004	20	f	362206	88	szkatyec	FALSE	4820	974912.689	-250500.689
IGQ479	2004	20	f	362206	89	kokker	TRUE	4051	974912.689	-250500.689
IGQ479	2004	20	f	362206	90	hodel	FALSE	2401	974912.689	-250500.689
IGQ479	2004	20	f	362206	91	szláken	TRUE	3743	974912.689	-250500.689
IGQ479	2004	20	f	362206	92	pámen	FALSE	2933	974912.689	-250500.689
IGQ479	2004	20	f	362206	93	kacsek	FALSE	3528	974912.689	-250500.689
IGQ479	2004	20	f	362206	94	baktec	FALSE	4620	974912.689	-250500.689
IGQ479	2004	20	f	362206	95	ojett	TRUE	2840	974912.689	-250500.689
IGQ479	2004	20	f	362206	96	voglens	FALSE	4692	974912.689	-250500.689
IGQ479	2004	20	f	362206	97	sapec	TRUE	2204	974912.689	-250500.689
IGQ479	2004	20	f	362206	98	gortesz	TRUE	3224	974912.689	-250500.689
IGQ479	2004	20	f	362206	99	kampesz	FALSE	2311	974912.689	-250500.689
IGQ479	2004	20	f	362206	100	flotek	FALSE	2809	974912.689	-250500.689
ZVV08D	2007	17	n	484023	1	pámen	FALSE	7125	974912.689	-250500.689
ZVV08D	2007	17	n	484023	2	kokker	FALSE	5153	974912.689	-250500.689
ZVV08D	2007	17	n	484023	3	ubrem	FALSE	8296	974912.689	-250500.689
ZVV08D	2007	17	n	484023	4	moplec	FALSE	9635	974912.689	-250500.689
ZVV08D	2007	17	n	484023	5	plosztem	TRUE	8397	974912.689	-250500.689
ZVV08D	2007	17	n	484023	6	bórcer	FALSE	12646	974912.689	-250500.689
ZVV08D	2007	17	n	484023	7	mojem	FALSE	6688	974912.689	-250500.689
ZVV08D	2007	17	n	484023	8	tosztem	TRUE	6847	974912.689	-250500.689
ZVV08D	2007	17	n	484023	9	hacel	FALSE	9454	974912.689	-250500.689
ZVV08D	2007	17	n	484023	10	trumlex	TRUE	7355	974912.689	-250500.689
ZVV08D	2007	17	n	484023	11	kumek	TRUE	4101	974912.689	-250500.689
ZVV08D	2007	17	n	484023	12	kajler	FALSE	4778	974912.689	-250500.689
ZVV08D	2007	17	n	484023	13	bachesz	TRUE	5944	974912.689	-250500.689
ZVV08D	2007	17	n	484023	14	pratec	FALSE	7997	974912.689	-250500.689
ZVV08D	2007	17	n	484023	15	gortesz	TRUE	8634	974912.689	-250500.689
ZVV08D	2007	17	n	484023	16	dubex	TRUE	12410	974912.689	-250500.689
ZVV08D	2007	17	n	484023	17	hókens	FALSE	5699	974912.689	-250500.689
ZVV08D	2007	17	n	484023	18	daken	FALSE	3776	974912.689	-250500.689
ZVV08D	2007	17	n	484023	19	suter	FALSE	2113	974912.689	-250500.689
ZVV08D	2007	17	n	484023	20	ubrem	FALSE	3152	974912.689	-250500.689
ZVV08D	2007	17	n	484023	21	hodel	FALSE	1741	974912.689	-250500.689
ZVV08D	2007	17	n	484023	22	vódett	FALSE	2016	974912.689	-250500.689
ZVV08D	2007	17	n	484023	23	szkatyec	TRUE	7751	974912.689	-250500.689
ZVV08D	2007	17	n	484023	24	suter	TRUE	1495	974912.689	-250500.689
ZVV08D	2007	17	n	484023	25	bondett	FALSE	2309	974912.689	-250500.689
ZVV08D	2007	17	n	484023	26	próngem	FALSE	9073	974912.689	-250500.689
ZVV08D	2007	17	n	484023	27	baktec	TRUE	12770	974912.689	-250500.689
ZVV08D	2007	17	n	484023	28	szláken	FALSE	7704	974912.689	-250500.689
ZVV08D	2007	17	n	484023	29	voglens	FALSE	2988	974912.689	-250500.689
ZVV08D	2007	17	n	484023	30	trumlex	FALSE	3380	974912.689	-250500.689
ZVV08D	2007	17	n	484023	31	vódett	FALSE	11482	974912.689	-250500.689
ZVV08D	2007	17	n	484023	32	sapec	TRUE	7025	974912.689	-250500.689
ZVV08D	2007	17	n	484023	33	moplec	FALSE	9889	974912.689	-250500.689
ZVV08D	2007	17	n	484023	34	plosztem	FALSE	2416	974912.689	-250500.689
ZVV08D	2007	17	n	484023	35	slotens	TRUE	5011	974912.689	-250500.689
ZVV08D	2007	17	n	484023	36	loftvens	FALSE	5727	974912.689	-250500.689
ZVV08D	2007	17	n	484023	37	flotek	TRUE	5079	974912.689	-250500.689
ZVV08D	2007	17	n	484023	38	kamesz	TRUE	5408	974912.689	-250500.689
ZVV08D	2007	17	n	484023	39	forrel	FALSE	3409	974912.689	-250500.689
ZVV08D	2007	17	n	484023	40	tokex	TRUE	3545	974912.689	-250500.689
ZVV08D	2007	17	n	484023	41	bojex	TRUE	4704	974912.689	-250500.689
ZVV08D	2007	17	n	484023	42	bralek	FALSE	1869	974912.689	-250500.689
ZVV08D	2007	17	n	484023	43	kokker	TRUE	10995	974912.689	-250500.689
ZVV08D	2007	17	n	484023	44	mojem	TRUE	6352	974912.689	-250500.689
ZVV08D	2007	17	n	484023	45	takkesz	TRUE	4783	974912.689	-250500.689
ZVV08D	2007	17	n	484023	46	kamesz	TRUE	3967	974912.689	-250500.689
ZVV08D	2007	17	n	484023	47	daken	TRUE	3063	974912.689	-250500.689
ZVV08D	2007	17	n	484023	48	laben	FALSE	3391	974912.689	-250500.689
ZVV08D	2007	17	n	484023	49	kranel	FALSE	7710	974912.689	-250500.689
ZVV08D	2007	17	n	484023	50	pódens	FALSE	2551	974912.689	-250500.689
ZVV08D	2007	17	n	484023	51	bralek	TRUE	3058	974912.689	-250500.689
ZVV08D	2007	17	n	484023	52	stokler	FALSE	2046	974912.689	-250500.689
ZVV08D	2007	17	n	484023	53	szláken	FALSE	9077	974912.689	-250500.689
ZVV08D	2007	17	n	484023	54	rojett	FALSE	1920	974912.689	-250500.689
ZVV08D	2007	17	n	484023	55	laben	TRUE	2528	974912.689	-250500.689
ZVV08D	2007	17	n	484023	56	bórcer	TRUE	3466	974912.689	-250500.689
ZVV08D	2007	17	n	484023	57	pámen	FALSE	1546	974912.689	-250500.689
ZVV08D	2007	17	n	484023	58	sudel	FALSE	3496	974912.689	-250500.689
ZVV08D	2007	17	n	484023	59	kojex	TRUE	2132	974912.689	-250500.689
ZVV08D	2007	17	n	484023	60	bálen	FALSE	3189	974912.689	-250500.689
ZVV08D	2007	17	n	484023	61	kajler	FALSE	2491	974912.689	-250500.689
ZVV08D	2007	17	n	484023	62	próngem	FALSE	3197	974912.689	-250500.689
ZVV08D	2007	17	n	484023	63	sudel	TRUE	6786	974912.689	-250500.689
ZVV08D	2007	17	n	484023	64	dubex	FALSE	5448	974912.689	-250500.689
ZVV08D	2007	17	n	484023	65	kampesz	FALSE	3507	974912.689	-250500.689
ZVV08D	2007	17	n	484023	66	hókens	FALSE	2476	974912.689	-250500.689
ZVV08D	2007	17	n	484023	67	kumek	TRUE	3540	974912.689	-250500.689
ZVV08D	2007	17	n	484023	68	saklek	FALSE	6499	974912.689	-250500.689
ZVV08D	2007	17	n	484023	69	sapec	FALSE	9320	974912.689	-250500.689
ZVV08D	2007	17	n	484023	70	hodel	FALSE	10594	974912.689	-250500.689
ZVV08D	2007	17	n	484023	71	pódens	FALSE	3900	974912.689	-250500.689
ZVV08D	2007	17	n	484023	72	baktec	FALSE	2933	974912.689	-250500.689
ZVV08D	2007	17	n	484023	73	gortesz	TRUE	5889	974912.689	-250500.689
ZVV08D	2007	17	n	484023	74	bondett	TRUE	2977	974912.689	-250500.689
ZVV08D	2007	17	n	484023	75	bálen	FALSE	4908	974912.689	-250500.689
ZVV08D	2007	17	n	484023	76	forrel	FALSE	1704	974912.689	-250500.689
ZVV08D	2007	17	n	484023	77	kojex	TRUE	3379	974912.689	-250500.689
ZVV08D	2007	17	n	484023	78	bojex	FALSE	2069	974912.689	-250500.689
ZVV08D	2007	17	n	484023	79	loftvens	FALSE	7187	974912.689	-250500.689
ZVV08D	2007	17	n	484023	80	rojett	FALSE	1955	974912.689	-250500.689
ZVV08D	2007	17	n	484023	81	hacel	FALSE	2568	974912.689	-250500.689
ZVV08D	2007	17	n	484023	82	ojett	TRUE	4969	974912.689	-250500.689
ZVV08D	2007	17	n	484023	83	stokler	TRUE	1610	974912.689	-250500.689
ZVV08D	2007	17	n	484023	84	ojett	FALSE	4492	974912.689	-250500.689
ZVV08D	2007	17	n	484023	85	kacsek	TRUE	3498	974912.689	-250500.689
ZVV08D	2007	17	n	484023	86	kampesz	FALSE	1451	974912.689	-250500.689
ZVV08D	2007	17	n	484023	87	szkatyec	TRUE	5555	974912.689	-250500.689
ZVV08D	2007	17	n	484023	88	pofszett	FALSE	5918	974912.689	-250500.689
ZVV08D	2007	17	n	484023	89	saklek	FALSE	4220	974912.689	-250500.689
ZVV08D	2007	17	n	484023	90	tokex	TRUE	1324	974912.689	-250500.689
ZVV08D	2007	17	n	484023	91	voglens	FALSE	3424	974912.689	-250500.689
ZVV08D	2007	17	n	484023	92	pofszett	FALSE	3312	974912.689	-250500.689
ZVV08D	2007	17	n	484023	93	kacsek	TRUE	1755	974912.689	-250500.689
ZVV08D	2007	17	n	484023	94	pratec	TRUE	1743	974912.689	-250500.689
ZVV08D	2007	17	n	484023	95	bachesz	TRUE	3487	974912.689	-250500.689
ZVV08D	2007	17	n	484023	96	flotek	FALSE	4275	974912.689	-250500.689
ZVV08D	2007	17	n	484023	97	takkesz	TRUE	1444	974912.689	-250500.689
ZVV08D	2007	17	n	484023	98	kranel	FALSE	2087	974912.689	-250500.689
ZVV08D	2007	17	n	484023	99	slotens	TRUE	2127	974912.689	-250500.689
ZVV08D	2007	17	n	484023	100	tosztem	FALSE	1744	974912.689	-250500.689
Schloss	1986	38	n	456120	1	loftvens	FALSE	5080	974912.689	-250500.689
Schloss	1986	38	n	456120	2	ubrem	FALSE	5604	974912.689	-250500.689
Schloss	1986	38	n	456120	3	daken	FALSE	7301	974912.689	-250500.689
Schloss	1986	38	n	456120	4	pámen	TRUE	4142	974912.689	-250500.689
Schloss	1986	38	n	456120	5	takkesz	FALSE	4760	974912.689	-250500.689
Schloss	1986	38	n	456120	6	bralek	FALSE	8199	974912.689	-250500.689
Schloss	1986	38	n	456120	7	bondett	FALSE	5799	974912.689	-250500.689
Schloss	1986	38	n	456120	8	loftvens	FALSE	7383	974912.689	-250500.689
Schloss	1986	38	n	456120	9	bralek	FALSE	6541	974912.689	-250500.689
Schloss	1986	38	n	456120	10	takkesz	FALSE	6628	974912.689	-250500.689
Schloss	1986	38	n	456120	11	sapec	FALSE	8831	974912.689	-250500.689
Schloss	1986	38	n	456120	12	moplec	FALSE	5626	974912.689	-250500.689
Schloss	1986	38	n	456120	13	moplec	FALSE	7436	974912.689	-250500.689
Schloss	1986	38	n	456120	14	vódett	FALSE	4537	974912.689	-250500.689
Schloss	1986	38	n	456120	15	sapec	FALSE	8079	974912.689	-250500.689
Schloss	1986	38	n	456120	16	bojex	FALSE	10719	974912.689	-250500.689
Schloss	1986	38	n	456120	17	szkatyec	FALSE	7128	974912.689	-250500.689
Schloss	1986	38	n	456120	18	kampesz	FALSE	5179	974912.689	-250500.689
Schloss	1986	38	n	456120	19	mojem	FALSE	4892	974912.689	-250500.689
Schloss	1986	38	n	456120	20	pratec	FALSE	5502	974912.689	-250500.689
Schloss	1986	38	n	456120	21	gortesz	FALSE	8062	974912.689	-250500.689
Schloss	1986	38	n	456120	22	hacel	FALSE	9164	974912.689	-250500.689
Schloss	1986	38	n	456120	23	rojett	FALSE	5286	974912.689	-250500.689
Schloss	1986	38	n	456120	24	bachesz	FALSE	4023	974912.689	-250500.689
Schloss	1986	38	n	456120	25	bojex	FALSE	2530	974912.689	-250500.689
Schloss	1986	38	n	456120	26	bálen	FALSE	4796	974912.689	-250500.689
Schloss	1986	38	n	456120	27	sudel	FALSE	5509	974912.689	-250500.689
Schloss	1986	38	n	456120	28	flotek	FALSE	4843	974912.689	-250500.689
Schloss	1986	38	n	456120	29	laben	FALSE	4143	974912.689	-250500.689
Schloss	1986	38	n	456120	30	bondett	FALSE	5416	974912.689	-250500.689
Schloss	1986	38	n	456120	31	próngem	FALSE	5632	974912.689	-250500.689
Schloss	1986	38	n	456120	32	kajler	FALSE	3987	974912.689	-250500.689
Schloss	1986	38	n	456120	33	bálen	FALSE	3834	974912.689	-250500.689
Schloss	1986	38	n	456120	34	hacel	FALSE	5832	974912.689	-250500.689
Schloss	1986	38	n	456120	35	tosztem	FALSE	4489	974912.689	-250500.689
Schloss	1986	38	n	456120	36	plosztem	FALSE	3321	974912.689	-250500.689
Schloss	1986	38	n	456120	37	pódens	FALSE	1890	974912.689	-250500.689
Schloss	1986	38	n	456120	38	szláken	FALSE	2672	974912.689	-250500.689
Schloss	1986	38	n	456120	39	voglens	FALSE	9702	974912.689	-250500.689
Schloss	1986	38	n	456120	40	stokler	FALSE	5653	974912.689	-250500.689
Schloss	1986	38	n	456120	41	kokker	FALSE	3824	974912.689	-250500.689
Schloss	1986	38	n	456120	42	flotek	FALSE	7186	974912.689	-250500.689
Schloss	1986	38	n	456120	43	vódett	FALSE	4731	974912.689	-250500.689
Schloss	1986	38	n	456120	44	saklek	FALSE	4447	974912.689	-250500.689
Schloss	1986	38	n	456120	45	hodel	FALSE	4674	974912.689	-250500.689
Schloss	1986	38	n	456120	46	forrel	FALSE	5873	974912.689	-250500.689
Schloss	1986	38	n	456120	47	rojett	FALSE	3699	974912.689	-250500.689
Schloss	1986	38	n	456120	48	kranel	FALSE	4972	974912.689	-250500.689
Schloss	1986	38	n	456120	49	daken	FALSE	5493	974912.689	-250500.689
Schloss	1986	38	n	456120	50	kamesz	FALSE	3623	974912.689	-250500.689
Schloss	1986	38	n	456120	51	stokler	FALSE	5859	974912.689	-250500.689
Schloss	1986	38	n	456120	52	ubrem	FALSE	3543	974912.689	-250500.689
Schloss	1986	38	n	456120	53	kajler	FALSE	4816	974912.689	-250500.689
Schloss	1986	38	n	456120	54	suter	FALSE	4442	974912.689	-250500.689
Schloss	1986	38	n	456120	55	trumlex	FALSE	3574	974912.689	-250500.689
Schloss	1986	38	n	456120	56	dubex	FALSE	2493	974912.689	-250500.689
Schloss	1986	38	n	456120	57	bachesz	FALSE	2450	974912.689	-250500.689
Schloss	1986	38	n	456120	58	kokker	FALSE	2282	974912.689	-250500.689
Schloss	1986	38	n	456120	59	slotens	FALSE	2057	974912.689	-250500.689
Schloss	1986	38	n	456120	60	bórcer	FALSE	3328	974912.689	-250500.689
Schloss	1986	38	n	456120	61	trumlex	FALSE	5080	974912.689	-250500.689
Schloss	1986	38	n	456120	62	kranel	FALSE	3253	974912.689	-250500.689
Schloss	1986	38	n	456120	63	kumek	FALSE	2844	974912.689	-250500.689
Schloss	1986	38	n	456120	64	baktec	FALSE	3204	974912.689	-250500.689
Schloss	1986	38	n	456120	65	kacsek	FALSE	4043	974912.689	-250500.689
Schloss	1986	38	n	456120	66	ojett	FALSE	6578	974912.689	-250500.689
Schloss	1986	38	n	456120	67	forrel	FALSE	1984	974912.689	-250500.689
Schloss	1986	38	n	456120	68	hodel	FALSE	2652	974912.689	-250500.689
Schloss	1986	38	n	456120	69	plosztem	FALSE	3966	974912.689	-250500.689
Schloss	1986	38	n	456120	70	pámen	FALSE	9406	974912.689	-250500.689
Schloss	1986	38	n	456120	71	pofszett	FALSE	4994	974912.689	-250500.689
Schloss	1986	38	n	456120	72	kamesz	FALSE	2660	974912.689	-250500.689
Schloss	1986	38	n	456120	73	pódens	FALSE	2620	974912.689	-250500.689
Schloss	1986	38	n	456120	74	kojex	FALSE	3003	974912.689	-250500.689
Schloss	1986	38	n	456120	75	voglens	FALSE	2326	974912.689	-250500.689
Schloss	1986	38	n	456120	76	szláken	FALSE	1559	974912.689	-250500.689
Schloss	1986	38	n	456120	77	tokex	FALSE	3160	974912.689	-250500.689
Schloss	1986	38	n	456120	78	hókens	FALSE	3007	974912.689	-250500.689
Schloss	1986	38	n	456120	79	baktec	FALSE	2738	974912.689	-250500.689
Schloss	1986	38	n	456120	80	gortesz	FALSE	2972	974912.689	-250500.689
Schloss	1986	38	n	456120	81	próngem	FALSE	3404	974912.689	-250500.689
Schloss	1986	38	n	456120	82	hókens	FALSE	2376	974912.689	-250500.689
Schloss	1986	38	n	456120	83	suter	FALSE	4125	974912.689	-250500.689
Schloss	1986	38	n	456120	84	pofszett	FALSE	3151	974912.689	-250500.689
Schloss	1986	38	n	456120	85	tokex	FALSE	2191	974912.689	-250500.689
Schloss	1986	38	n	456120	86	kacsek	FALSE	3509	974912.689	-250500.689
Schloss	1986	38	n	456120	87	kampesz	FALSE	6995	974912.689	-250500.689
Schloss	1986	38	n	456120	88	szkatyec	FALSE	4970	974912.689	-250500.689
Schloss	1986	38	n	456120	89	laben	FALSE	4583	974912.689	-250500.689
Schloss	1986	38	n	456120	90	sudel	FALSE	3185	974912.689	-250500.689
Schloss	1986	38	n	456120	91	slotens	FALSE	3088	974912.689	-250500.689
Schloss	1986	38	n	456120	92	ojett	FALSE	1882	974912.689	-250500.689
Schloss	1986	38	n	456120	93	mojem	FALSE	2383	974912.689	-250500.689
Schloss	1986	38	n	456120	94	pratec	FALSE	2067	974912.689	-250500.689
Schloss	1986	38	n	456120	95	tosztem	FALSE	2220	974912.689	-250500.689
Schloss	1986	38	n	456120	96	saklek	FALSE	2248	974912.689	-250500.689
Schloss	1986	38	n	456120	97	kumek	FALSE	5595	974912.689	-250500.689
Schloss	1986	38	n	456120	98	bórcer	FALSE	6588	974912.689	-250500.689
Schloss	1986	38	n	456120	99	dubex	FALSE	2387	974912.689	-250500.689
Schloss	1986	38	n	456120	100	kojex	FALSE	3608	974912.689	-250500.689
A8O22J	2006	18	n	196537	1	ojett	FALSE	5468	974912.689	-250500.689
A8O22J	2006	18	n	196537	2	bondett	TRUE	4448	974912.689	-250500.689
A8O22J	2006	18	n	196537	3	laben	TRUE	6056	974912.689	-250500.689
A8O22J	2006	18	n	196537	4	voglens	FALSE	4309	974912.689	-250500.689
A8O22J	2006	18	n	196537	5	bachesz	TRUE	3628	974912.689	-250500.689
A8O22J	2006	18	n	196537	6	sudel	FALSE	2944	974912.689	-250500.689
A8O22J	2006	18	n	196537	7	kamesz	FALSE	2963	974912.689	-250500.689
A8O22J	2006	18	n	196537	8	flotek	FALSE	3802	974912.689	-250500.689
A8O22J	2006	18	n	196537	9	kampesz	TRUE	1512	974912.689	-250500.689
A8O22J	2006	18	n	196537	10	bojex	FALSE	2886	974912.689	-250500.689
A8O22J	2006	18	n	196537	11	tokex	FALSE	3721	974912.689	-250500.689
A8O22J	2006	18	n	196537	12	voglens	FALSE	2802	974912.689	-250500.689
A8O22J	2006	18	n	196537	13	bachesz	FALSE	2967	974912.689	-250500.689
A8O22J	2006	18	n	196537	14	saklek	FALSE	1356	974912.689	-250500.689
A8O22J	2006	18	n	196537	15	takkesz	FALSE	1536	974912.689	-250500.689
A8O22J	2006	18	n	196537	16	trumlex	FALSE	2290	974912.689	-250500.689
A8O22J	2006	18	n	196537	17	gortesz	FALSE	1554	974912.689	-250500.689
A8O22J	2006	18	n	196537	18	hodel	FALSE	3170	974912.689	-250500.689
A8O22J	2006	18	n	196537	19	vódett	FALSE	2327	974912.689	-250500.689
A8O22J	2006	18	n	196537	20	kranel	FALSE	1157	974912.689	-250500.689
A8O22J	2006	18	n	196537	21	kampesz	TRUE	3209	974912.689	-250500.689
A8O22J	2006	18	n	196537	22	kojex	FALSE	1042	974912.689	-250500.689
A8O22J	2006	18	n	196537	23	mojem	FALSE	2522	974912.689	-250500.689
A8O22J	2006	18	n	196537	24	pratec	TRUE	1720	974912.689	-250500.689
A8O22J	2006	18	n	196537	25	hacel	FALSE	7298	974912.689	-250500.689
A8O22J	2006	18	n	196537	26	pódens	FALSE	1129	974912.689	-250500.689
A8O22J	2006	18	n	196537	27	ubrem	FALSE	3837	974912.689	-250500.689
A8O22J	2006	18	n	196537	28	ubrem	FALSE	4044	974912.689	-250500.689
A8O22J	2006	18	n	196537	29	pámen	FALSE	1485	974912.689	-250500.689
A8O22J	2006	18	n	196537	30	pódens	FALSE	1516	974912.689	-250500.689
A8O22J	2006	18	n	196537	31	pámen	FALSE	1711	974912.689	-250500.689
A8O22J	2006	18	n	196537	32	laben	FALSE	2876	974912.689	-250500.689
A8O22J	2006	18	n	196537	33	szkatyec	FALSE	2198	974912.689	-250500.689
A8O22J	2006	18	n	196537	34	szláken	FALSE	3232	974912.689	-250500.689
A8O22J	2006	18	n	196537	35	szkatyec	FALSE	1930	974912.689	-250500.689
A8O22J	2006	18	n	196537	36	bondett	FALSE	2394	974912.689	-250500.689
A8O22J	2006	18	n	196537	37	slotens	FALSE	1042	974912.689	-250500.689
A8O22J	2006	18	n	196537	38	baktec	FALSE	762	974912.689	-250500.689
A8O22J	2006	18	n	196537	39	daken	FALSE	3314	974912.689	-250500.689
A8O22J	2006	18	n	196537	40	sapec	FALSE	3124	974912.689	-250500.689
A8O22J	2006	18	n	196537	41	hodel	FALSE	1850	974912.689	-250500.689
A8O22J	2006	18	n	196537	42	sapec	FALSE	1291	974912.689	-250500.689
A8O22J	2006	18	n	196537	43	hacel	FALSE	836	974912.689	-250500.689
A8O22J	2006	18	n	196537	44	tosztem	FALSE	2485	974912.689	-250500.689
A8O22J	2006	18	n	196537	45	loftvens	FALSE	1245	974912.689	-250500.689
A8O22J	2006	18	n	196537	46	vódett	FALSE	676	974912.689	-250500.689
A8O22J	2006	18	n	196537	47	stokler	FALSE	1491	974912.689	-250500.689
A8O22J	2006	18	n	196537	48	kranel	FALSE	954	974912.689	-250500.689
A8O22J	2006	18	n	196537	49	pratec	FALSE	870	974912.689	-250500.689
A8O22J	2006	18	n	196537	50	bórcer	FALSE	1047	974912.689	-250500.689
A8O22J	2006	18	n	196537	51	tokex	FALSE	5609	974912.689	-250500.689
A8O22J	2006	18	n	196537	52	rojett	FALSE	1709	974912.689	-250500.689
A8O22J	2006	18	n	196537	53	takkesz	FALSE	1112	974912.689	-250500.689
A8O22J	2006	18	n	196537	54	dubex	FALSE	967	974912.689	-250500.689
A8O22J	2006	18	n	196537	55	bórcer	FALSE	821	974912.689	-250500.689
A8O22J	2006	18	n	196537	56	bralek	FALSE	1386	974912.689	-250500.689
A8O22J	2006	18	n	196537	57	próngem	FALSE	1120	974912.689	-250500.689
A8O22J	2006	18	n	196537	58	bálen	FALSE	1039	974912.689	-250500.689
A8O22J	2006	18	n	196537	59	hókens	FALSE	1289	974912.689	-250500.689
A8O22J	2006	18	n	196537	60	pofszett	FALSE	789	974912.689	-250500.689
A8O22J	2006	18	n	196537	61	suter	FALSE	882	974912.689	-250500.689
A8O22J	2006	18	n	196537	62	stokler	FALSE	1065	974912.689	-250500.689
A8O22J	2006	18	n	196537	63	daken	FALSE	970	974912.689	-250500.689
A8O22J	2006	18	n	196537	64	moplec	FALSE	482	974912.689	-250500.689
A8O22J	2006	18	n	196537	65	mojem	FALSE	800	974912.689	-250500.689
A8O22J	2006	18	n	196537	66	szláken	FALSE	267	974912.689	-250500.689
A8O22J	2006	18	n	196537	67	tosztem	FALSE	796	974912.689	-250500.689
A8O22J	2006	18	n	196537	68	bálen	FALSE	1230	974912.689	-250500.689
A8O22J	2006	18	n	196537	69	plosztem	FALSE	3225	974912.689	-250500.689
A8O22J	2006	18	n	196537	70	baktec	FALSE	884	974912.689	-250500.689
A8O22J	2006	18	n	196537	71	slotens	FALSE	954	974912.689	-250500.689
A8O22J	2006	18	n	196537	72	bralek	FALSE	632	974912.689	-250500.689
A8O22J	2006	18	n	196537	73	kamesz	FALSE	798	974912.689	-250500.689
A8O22J	2006	18	n	196537	74	saklek	TRUE	3586	974912.689	-250500.689
A8O22J	2006	18	n	196537	75	moplec	FALSE	1680	974912.689	-250500.689
A8O22J	2006	18	n	196537	76	hókens	FALSE	837	974912.689	-250500.689
A8O22J	2006	18	n	196537	77	forrel	FALSE	975	974912.689	-250500.689
A8O22J	2006	18	n	196537	78	trumlex	FALSE	888	974912.689	-250500.689
A8O22J	2006	18	n	196537	79	kumek	TRUE	3664	974912.689	-250500.689
A8O22J	2006	18	n	196537	80	flotek	FALSE	2315	974912.689	-250500.689
A8O22J	2006	18	n	196537	81	gortesz	TRUE	4287	974912.689	-250500.689
A8O22J	2006	18	n	196537	82	kokker	FALSE	834	974912.689	-250500.689
A8O22J	2006	18	n	196537	83	próngem	FALSE	1421	974912.689	-250500.689
A8O22J	2006	18	n	196537	84	suter	FALSE	1469	974912.689	-250500.689
A8O22J	2006	18	n	196537	85	kumek	FALSE	261	974912.689	-250500.689
A8O22J	2006	18	n	196537	86	sudel	FALSE	707	974912.689	-250500.689
A8O22J	2006	18	n	196537	87	kojex	FALSE	596	974912.689	-250500.689
A8O22J	2006	18	n	196537	88	kacsek	FALSE	2100	974912.689	-250500.689
A8O22J	2006	18	n	196537	89	pofszett	FALSE	1303	974912.689	-250500.689
A8O22J	2006	18	n	196537	90	rojett	TRUE	1078	974912.689	-250500.689
A8O22J	2006	18	n	196537	91	ojett	TRUE	1541	974912.689	-250500.689
A8O22J	2006	18	n	196537	92	kajler	FALSE	892	974912.689	-250500.689
A8O22J	2006	18	n	196537	93	kokker	FALSE	898	974912.689	-250500.689
A8O22J	2006	18	n	196537	94	bojex	FALSE	970	974912.689	-250500.689
A8O22J	2006	18	n	196537	95	dubex	TRUE	1000	974912.689	-250500.689
A8O22J	2006	18	n	196537	96	loftvens	FALSE	2784	974912.689	-250500.689
A8O22J	2006	18	n	196537	97	kajler	FALSE	952	974912.689	-250500.689
A8O22J	2006	18	n	196537	98	forrel	FALSE	1221	974912.689	-250500.689
A8O22J	2006	18	n	196537	99	kacsek	FALSE	3844	974912.689	-250500.689
A8O22J	2006	18	n	196537	100	plosztem	FALSE	1582	974912.689	-250500.689
habarcs	1988	36	e	254184	1	ubrem	FALSE	3087	974912.689	-250500.689
habarcs	1988	36	e	254184	2	szláken	FALSE	3922	974912.689	-250500.689
habarcs	1988	36	e	254184	3	laben	FALSE	2726	974912.689	-250500.689
habarcs	1988	36	e	254184	4	pámen	FALSE	2211	974912.689	-250500.689
habarcs	1988	36	e	254184	5	kranel	FALSE	1684	974912.689	-250500.689
habarcs	1988	36	e	254184	6	rojett	FALSE	2277	974912.689	-250500.689
habarcs	1988	36	e	254184	7	szláken	FALSE	2613	974912.689	-250500.689
habarcs	1988	36	e	254184	8	takkesz	FALSE	4043	974912.689	-250500.689
habarcs	1988	36	e	254184	9	moplec	FALSE	2308	974912.689	-250500.689
habarcs	1988	36	e	254184	10	gortesz	FALSE	2849	974912.689	-250500.689
habarcs	1988	36	e	254184	11	baktec	FALSE	3669	974912.689	-250500.689
habarcs	1988	36	e	254184	12	daken	FALSE	2536	974912.689	-250500.689
habarcs	1988	36	e	254184	13	flotek	TRUE	3864	974912.689	-250500.689
habarcs	1988	36	e	254184	14	forrel	FALSE	3148	974912.689	-250500.689
habarcs	1988	36	e	254184	15	próngem	FALSE	2881	974912.689	-250500.689
habarcs	1988	36	e	254184	16	hacel	FALSE	2185	974912.689	-250500.689
habarcs	1988	36	e	254184	17	forrel	FALSE	2780	974912.689	-250500.689
habarcs	1988	36	e	254184	18	kampesz	FALSE	2136	974912.689	-250500.689
habarcs	1988	36	e	254184	19	mojem	FALSE	1603	974912.689	-250500.689
habarcs	1988	36	e	254184	20	bojex	FALSE	2354	974912.689	-250500.689
habarcs	1988	36	e	254184	21	hodel	FALSE	2773	974912.689	-250500.689
habarcs	1988	36	e	254184	22	bachesz	FALSE	2052	974912.689	-250500.689
habarcs	1988	36	e	254184	23	rojett	FALSE	1616	974912.689	-250500.689
habarcs	1988	36	e	254184	24	pofszett	FALSE	1773	974912.689	-250500.689
habarcs	1988	36	e	254184	25	bondett	FALSE	2443	974912.689	-250500.689
habarcs	1988	36	e	254184	26	bórcer	FALSE	1812	974912.689	-250500.689
habarcs	1988	36	e	254184	27	bondett	FALSE	1525	974912.689	-250500.689
habarcs	1988	36	e	254184	28	sapec	FALSE	2913	974912.689	-250500.689
habarcs	1988	36	e	254184	29	tosztem	FALSE	2707	974912.689	-250500.689
habarcs	1988	36	e	254184	30	loftvens	FALSE	1509	974912.689	-250500.689
habarcs	1988	36	e	254184	31	kokker	TRUE	10317	974912.689	-250500.689
habarcs	1988	36	e	254184	32	sudel	FALSE	3421	974912.689	-250500.689
habarcs	1988	36	e	254184	33	kumek	FALSE	1824	974912.689	-250500.689
habarcs	1988	36	e	254184	34	laben	FALSE	1300	974912.689	-250500.689
habarcs	1988	36	e	254184	35	kokker	FALSE	1467	974912.689	-250500.689
habarcs	1988	36	e	254184	36	pratec	FALSE	1241	974912.689	-250500.689
habarcs	1988	36	e	254184	37	kamesz	FALSE	1730	974912.689	-250500.689
habarcs	1988	36	e	254184	38	loftvens	FALSE	1365	974912.689	-250500.689
habarcs	1988	36	e	254184	39	tokex	FALSE	3973	974912.689	-250500.689
habarcs	1988	36	e	254184	40	slotens	FALSE	1565	974912.689	-250500.689
habarcs	1988	36	e	254184	41	bralek	FALSE	1610	974912.689	-250500.689
habarcs	1988	36	e	254184	42	stokler	FALSE	1810	974912.689	-250500.689
habarcs	1988	36	e	254184	43	pódens	FALSE	1219	974912.689	-250500.689
habarcs	1988	36	e	254184	44	kacsek	TRUE	3867	974912.689	-250500.689
habarcs	1988	36	e	254184	45	kumek	FALSE	1558	974912.689	-250500.689
habarcs	1988	36	e	254184	46	moplec	FALSE	1366	974912.689	-250500.689
habarcs	1988	36	e	254184	47	próngem	FALSE	1478	974912.689	-250500.689
habarcs	1988	36	e	254184	48	ubrem	FALSE	1528	974912.689	-250500.689
habarcs	1988	36	e	254184	49	szkatyec	FALSE	8948	974912.689	-250500.689
habarcs	1988	36	e	254184	50	dubex	FALSE	1628	974912.689	-250500.689
habarcs	1988	36	e	254184	51	sudel	FALSE	2143	974912.689	-250500.689
habarcs	1988	36	e	254184	52	kamesz	TRUE	4231	974912.689	-250500.689
habarcs	1988	36	e	254184	53	sapec	FALSE	2379	974912.689	-250500.689
habarcs	1988	36	e	254184	54	ojett	FALSE	1579	974912.689	-250500.689
habarcs	1988	36	e	254184	55	kojex	FALSE	3608	974912.689	-250500.689
habarcs	1988	36	e	254184	56	kampesz	FALSE	1980	974912.689	-250500.689
habarcs	1988	36	e	254184	57	kacsek	TRUE	3349	974912.689	-250500.689
habarcs	1988	36	e	254184	58	szkatyec	FALSE	8911	974912.689	-250500.689
habarcs	1988	36	e	254184	59	hacel	FALSE	1908	974912.689	-250500.689
habarcs	1988	36	e	254184	60	baktec	FALSE	2056	974912.689	-250500.689
habarcs	1988	36	e	254184	61	tokex	FALSE	5414	974912.689	-250500.689
habarcs	1988	36	e	254184	62	suter	FALSE	2928	974912.689	-250500.689
habarcs	1988	36	e	254184	63	trumlex	FALSE	3087	974912.689	-250500.689
habarcs	1988	36	e	254184	64	pratec	FALSE	5660	974912.689	-250500.689
habarcs	1988	36	e	254184	65	pofszett	FALSE	2474	974912.689	-250500.689
habarcs	1988	36	e	254184	66	kranel	FALSE	5595	974912.689	-250500.689
habarcs	1988	36	e	254184	67	hókens	FALSE	2782	974912.689	-250500.689
habarcs	1988	36	e	254184	68	saklek	FALSE	3039	974912.689	-250500.689
habarcs	1988	36	e	254184	69	gortesz	FALSE	2192	974912.689	-250500.689
habarcs	1988	36	e	254184	70	vódett	FALSE	1635	974912.689	-250500.689
habarcs	1988	36	e	254184	71	bralek	FALSE	2520	974912.689	-250500.689
habarcs	1988	36	e	254184	72	bálen	FALSE	1620	974912.689	-250500.689
habarcs	1988	36	e	254184	73	pódens	FALSE	1342	974912.689	-250500.689
habarcs	1988	36	e	254184	74	voglens	FALSE	1366	974912.689	-250500.689
habarcs	1988	36	e	254184	75	saklek	FALSE	1672	974912.689	-250500.689
habarcs	1988	36	e	254184	76	bojex	FALSE	1330	974912.689	-250500.689
habarcs	1988	36	e	254184	77	mojem	FALSE	3170	974912.689	-250500.689
habarcs	1988	36	e	254184	78	bachesz	FALSE	1979	974912.689	-250500.689
habarcs	1988	36	e	254184	79	pámen	FALSE	1155	974912.689	-250500.689
habarcs	1988	36	e	254184	80	plosztem	FALSE	3911	974912.689	-250500.689
habarcs	1988	36	e	254184	81	voglens	FALSE	1593	974912.689	-250500.689
habarcs	1988	36	e	254184	82	hodel	FALSE	1097	974912.689	-250500.689
habarcs	1988	36	e	254184	83	stokler	FALSE	1349	974912.689	-250500.689
habarcs	1988	36	e	254184	84	trumlex	FALSE	1995	974912.689	-250500.689
habarcs	1988	36	e	254184	85	vódett	FALSE	2176	974912.689	-250500.689
habarcs	1988	36	e	254184	86	kajler	FALSE	2567	974912.689	-250500.689
habarcs	1988	36	e	254184	87	dubex	FALSE	1997	974912.689	-250500.689
habarcs	1988	36	e	254184	88	bórcer	FALSE	1850	974912.689	-250500.689
habarcs	1988	36	e	254184	89	daken	FALSE	2386	974912.689	-250500.689
habarcs	1988	36	e	254184	90	hókens	FALSE	1721	974912.689	-250500.689
habarcs	1988	36	e	254184	91	takkesz	FALSE	1329	974912.689	-250500.689
habarcs	1988	36	e	254184	92	flotek	FALSE	1170	974912.689	-250500.689
habarcs	1988	36	e	254184	93	tosztem	FALSE	2284	974912.689	-250500.689
habarcs	1988	36	e	254184	94	ojett	FALSE	4990	974912.689	-250500.689
habarcs	1988	36	e	254184	95	bálen	FALSE	2248	974912.689	-250500.689
habarcs	1988	36	e	254184	96	plosztem	FALSE	1784	974912.689	-250500.689
habarcs	1988	36	e	254184	97	kojex	FALSE	1622	974912.689	-250500.689
habarcs	1988	36	e	254184	98	slotens	FALSE	1043	974912.689	-250500.689
habarcs	1988	36	e	254184	99	kajler	FALSE	1592	974912.689	-250500.689
habarcs	1988	36	e	254184	100	suter	FALSE	1162	974912.689	-250500.689
b4kl9d	2004	20	férfi	392990	1	forrel	FALSE	5239	974912.689	-250500.689
b4kl9d	2004	20	férfi	392990	2	bórcer	FALSE	7518	974912.689	-250500.689
b4kl9d	2004	20	férfi	392990	3	hacel	FALSE	9585	974912.689	-250500.689
b4kl9d	2004	20	férfi	392990	4	kojex	FALSE	6954	974912.689	-250500.689
b4kl9d	2004	20	férfi	392990	5	pofszett	TRUE	6395	974912.689	-250500.689
b4kl9d	2004	20	férfi	392990	6	saklek	TRUE	7077	974912.689	-250500.689
b4kl9d	2004	20	férfi	392990	7	kamesz	TRUE	4381	974912.689	-250500.689
b4kl9d	2004	20	férfi	392990	8	sudel	FALSE	6134	974912.689	-250500.689
b4kl9d	2004	20	férfi	392990	9	pódens	FALSE	3762	974912.689	-250500.689
b4kl9d	2004	20	férfi	392990	10	plosztem	FALSE	8049	974912.689	-250500.689
b4kl9d	2004	20	férfi	392990	11	kampesz	TRUE	6143	974912.689	-250500.689
b4kl9d	2004	20	férfi	392990	12	bondett	TRUE	11070	974912.689	-250500.689
b4kl9d	2004	20	férfi	392990	13	daken	TRUE	3473	974912.689	-250500.689
b4kl9d	2004	20	férfi	392990	14	tosztem	FALSE	3112	974912.689	-250500.689
b4kl9d	2004	20	férfi	392990	15	trumlex	TRUE	6076	974912.689	-250500.689
b4kl9d	2004	20	férfi	392990	16	hókens	TRUE	6380	974912.689	-250500.689
b4kl9d	2004	20	férfi	392990	17	bralek	FALSE	3533	974912.689	-250500.689
b4kl9d	2004	20	férfi	392990	18	kumek	TRUE	2445	974912.689	-250500.689
b4kl9d	2004	20	férfi	392990	19	tokex	TRUE	4077	974912.689	-250500.689
b4kl9d	2004	20	férfi	392990	20	moplec	FALSE	4367	974912.689	-250500.689
b4kl9d	2004	20	férfi	392990	21	slotens	FALSE	6152	974912.689	-250500.689
b4kl9d	2004	20	férfi	392990	22	loftvens	FALSE	2768	974912.689	-250500.689
b4kl9d	2004	20	férfi	392990	23	próngem	FALSE	2689	974912.689	-250500.689
b4kl9d	2004	20	férfi	392990	24	kokker	TRUE	3137	974912.689	-250500.689
b4kl9d	2004	20	férfi	392990	25	mojem	TRUE	2325	974912.689	-250500.689
b4kl9d	2004	20	férfi	392990	26	suter	TRUE	4527	974912.689	-250500.689
b4kl9d	2004	20	férfi	392990	27	kokker	TRUE	4470	974912.689	-250500.689
b4kl9d	2004	20	férfi	392990	28	daken	TRUE	3439	974912.689	-250500.689
b4kl9d	2004	20	férfi	392990	29	bojex	TRUE	2542	974912.689	-250500.689
b4kl9d	2004	20	férfi	392990	30	flotek	TRUE	8929	974912.689	-250500.689
b4kl9d	2004	20	férfi	392990	31	rojett	TRUE	3169	974912.689	-250500.689
b4kl9d	2004	20	férfi	392990	32	pofszett	FALSE	11695	974912.689	-250500.689
b4kl9d	2004	20	férfi	392990	33	kajler	TRUE	4531	974912.689	-250500.689
b4kl9d	2004	20	férfi	392990	34	pámen	TRUE	4329	974912.689	-250500.689
b4kl9d	2004	20	férfi	392990	35	dubex	TRUE	4259	974912.689	-250500.689
b4kl9d	2004	20	férfi	392990	36	baktec	FALSE	3451	974912.689	-250500.689
b4kl9d	2004	20	férfi	392990	37	szkatyec	FALSE	2960	974912.689	-250500.689
b4kl9d	2004	20	férfi	392990	38	loftvens	FALSE	4749	974912.689	-250500.689
b4kl9d	2004	20	férfi	392990	39	vódett	TRUE	2790	974912.689	-250500.689
b4kl9d	2004	20	férfi	392990	40	hókens	TRUE	3850	974912.689	-250500.689
b4kl9d	2004	20	férfi	392990	41	gortesz	FALSE	6901	974912.689	-250500.689
b4kl9d	2004	20	férfi	392990	42	szláken	FALSE	2136	974912.689	-250500.689
b4kl9d	2004	20	férfi	392990	43	mojem	FALSE	3799	974912.689	-250500.689
b4kl9d	2004	20	férfi	392990	44	hodel	TRUE	3071	974912.689	-250500.689
b4kl9d	2004	20	férfi	392990	45	szláken	FALSE	2130	974912.689	-250500.689
b4kl9d	2004	20	férfi	392990	46	sapec	TRUE	4480	974912.689	-250500.689
b4kl9d	2004	20	férfi	392990	47	slotens	FALSE	3152	974912.689	-250500.689
b4kl9d	2004	20	férfi	392990	48	rojett	FALSE	3005	974912.689	-250500.689
b4kl9d	2004	20	férfi	392990	49	ojett	FALSE	3245	974912.689	-250500.689
b4kl9d	2004	20	férfi	392990	50	ubrem	FALSE	7219	974912.689	-250500.689
b4kl9d	2004	20	férfi	392990	51	pámen	FALSE	1787	974912.689	-250500.689
b4kl9d	2004	20	férfi	392990	52	laben	FALSE	2835	974912.689	-250500.689
b4kl9d	2004	20	férfi	392990	53	baktec	FALSE	1894	974912.689	-250500.689
b4kl9d	2004	20	férfi	392990	54	suter	TRUE	2072	974912.689	-250500.689
b4kl9d	2004	20	férfi	392990	55	kranel	FALSE	4452	974912.689	-250500.689
b4kl9d	2004	20	férfi	392990	56	voglens	FALSE	2352	974912.689	-250500.689
b4kl9d	2004	20	férfi	392990	57	bálen	TRUE	1911	974912.689	-250500.689
b4kl9d	2004	20	férfi	392990	58	stokler	TRUE	2584	974912.689	-250500.689
b4kl9d	2004	20	férfi	392990	59	laben	TRUE	2985	974912.689	-250500.689
b4kl9d	2004	20	férfi	392990	60	kajler	TRUE	2226	974912.689	-250500.689
b4kl9d	2004	20	férfi	392990	61	ojett	TRUE	2338	974912.689	-250500.689
b4kl9d	2004	20	férfi	392990	62	trumlex	FALSE	8795	974912.689	-250500.689
b4kl9d	2004	20	férfi	392990	63	moplec	FALSE	2074	974912.689	-250500.689
b4kl9d	2004	20	férfi	392990	64	dubex	TRUE	2026	974912.689	-250500.689
b4kl9d	2004	20	férfi	392990	65	vódett	FALSE	1646	974912.689	-250500.689
b4kl9d	2004	20	férfi	392990	66	forrel	TRUE	1615	974912.689	-250500.689
b4kl9d	2004	20	férfi	392990	67	sapec	FALSE	4074	974912.689	-250500.689
b4kl9d	2004	20	férfi	392990	68	pódens	FALSE	1446	974912.689	-250500.689
b4kl9d	2004	20	férfi	392990	69	bachesz	FALSE	2200	974912.689	-250500.689
b4kl9d	2004	20	férfi	392990	70	bojex	TRUE	3972	974912.689	-250500.689
b4kl9d	2004	20	férfi	392990	71	ubrem	FALSE	5112	974912.689	-250500.689
b4kl9d	2004	20	férfi	392990	72	bralek	TRUE	7330	974912.689	-250500.689
b4kl9d	2004	20	férfi	392990	73	kacsek	TRUE	3290	974912.689	-250500.689
b4kl9d	2004	20	férfi	392990	74	próngem	FALSE	1476	974912.689	-250500.689
b4kl9d	2004	20	férfi	392990	75	plosztem	TRUE	2616	974912.689	-250500.689
b4kl9d	2004	20	férfi	392990	76	gortesz	TRUE	2507	974912.689	-250500.689
b4kl9d	2004	20	férfi	392990	77	saklek	FALSE	1816	974912.689	-250500.689
b4kl9d	2004	20	férfi	392990	78	stokler	TRUE	2562	974912.689	-250500.689
b4kl9d	2004	20	férfi	392990	79	flotek	FALSE	2166	974912.689	-250500.689
b4kl9d	2004	20	férfi	392990	80	bachesz	FALSE	1992	974912.689	-250500.689
b4kl9d	2004	20	férfi	392990	81	takkesz	TRUE	2726	974912.689	-250500.689
b4kl9d	2004	20	férfi	392990	82	hodel	TRUE	1998	974912.689	-250500.689
b4kl9d	2004	20	férfi	392990	83	bálen	FALSE	3078	974912.689	-250500.689
b4kl9d	2004	20	férfi	392990	84	bórcer	FALSE	2690	974912.689	-250500.689
b4kl9d	2004	20	férfi	392990	85	sudel	TRUE	4487	974912.689	-250500.689
b4kl9d	2004	20	férfi	392990	86	voglens	FALSE	1571	974912.689	-250500.689
b4kl9d	2004	20	férfi	392990	87	kranel	FALSE	3352	974912.689	-250500.689
b4kl9d	2004	20	férfi	392990	88	takkesz	TRUE	5817	974912.689	-250500.689
b4kl9d	2004	20	férfi	392990	89	tosztem	FALSE	5463	974912.689	-250500.689
b4kl9d	2004	20	férfi	392990	90	hacel	TRUE	1616	974912.689	-250500.689
b4kl9d	2004	20	férfi	392990	91	kumek	TRUE	1483	974912.689	-250500.689
b4kl9d	2004	20	férfi	392990	92	pratec	FALSE	2121	974912.689	-250500.689
b4kl9d	2004	20	férfi	392990	93	szkatyec	FALSE	3319	974912.689	-250500.689
b4kl9d	2004	20	férfi	392990	94	bondett	FALSE	3796	974912.689	-250500.689
b4kl9d	2004	20	férfi	392990	95	kamesz	TRUE	2661	974912.689	-250500.689
b4kl9d	2004	20	férfi	392990	96	kojex	TRUE	6636	974912.689	-250500.689
b4kl9d	2004	20	férfi	392990	97	kacsek	FALSE	3810	974912.689	-250500.689
b4kl9d	2004	20	férfi	392990	98	tokex	TRUE	3470	974912.689	-250500.689
b4kl9d	2004	20	férfi	392990	99	pratec	FALSE	2188	974912.689	-250500.689
b4kl9d	2004	20	férfi	392990	100	kampesz	TRUE	2888	974912.689	-250500.689
opz35o	1991	33	n	479068	1	daken	FALSE	11461	974912.689	-250500.689
opz35o	1991	33	n	479068	2	baktec	TRUE	6374	974912.689	-250500.689
opz35o	1991	33	n	479068	3	gortesz	TRUE	8480	974912.689	-250500.689
opz35o	1991	33	n	479068	4	takkesz	TRUE	4660	974912.689	-250500.689
opz35o	1991	33	n	479068	5	vódett	FALSE	7422	974912.689	-250500.689
opz35o	1991	33	n	479068	6	slotens	FALSE	7604	974912.689	-250500.689
opz35o	1991	33	n	479068	7	kampesz	TRUE	4195	974912.689	-250500.689
opz35o	1991	33	n	479068	8	ubrem	FALSE	3953	974912.689	-250500.689
opz35o	1991	33	n	479068	9	trumlex	FALSE	3867	974912.689	-250500.689
opz35o	1991	33	n	479068	10	saklek	TRUE	9636	974912.689	-250500.689
opz35o	1991	33	n	479068	11	bondett	TRUE	4227	974912.689	-250500.689
opz35o	1991	33	n	479068	12	pódens	FALSE	7098	974912.689	-250500.689
opz35o	1991	33	n	479068	13	kokker	TRUE	3368	974912.689	-250500.689
opz35o	1991	33	n	479068	14	gortesz	FALSE	9634	974912.689	-250500.689
opz35o	1991	33	n	479068	15	flotek	TRUE	10847	974912.689	-250500.689
opz35o	1991	33	n	479068	16	voglens	FALSE	10295	974912.689	-250500.689
opz35o	1991	33	n	479068	17	moplec	TRUE	4235	974912.689	-250500.689
opz35o	1991	33	n	479068	18	kumek	TRUE	5730	974912.689	-250500.689
opz35o	1991	33	n	479068	19	tosztem	TRUE	5544	974912.689	-250500.689
opz35o	1991	33	n	479068	20	rojett	FALSE	5237	974912.689	-250500.689
opz35o	1991	33	n	479068	21	vódett	FALSE	4310	974912.689	-250500.689
opz35o	1991	33	n	479068	22	bralek	TRUE	2640	974912.689	-250500.689
opz35o	1991	33	n	479068	23	kranel	TRUE	3192	974912.689	-250500.689
opz35o	1991	33	n	479068	24	plosztem	FALSE	5077	974912.689	-250500.689
opz35o	1991	33	n	479068	25	kajler	TRUE	4112	974912.689	-250500.689
opz35o	1991	33	n	479068	26	tosztem	FALSE	4984	974912.689	-250500.689
opz35o	1991	33	n	479068	27	hókens	FALSE	12083	974912.689	-250500.689
opz35o	1991	33	n	479068	28	próngem	FALSE	4220	974912.689	-250500.689
opz35o	1991	33	n	479068	29	szláken	TRUE	5207	974912.689	-250500.689
opz35o	1991	33	n	479068	30	ojett	FALSE	5341	974912.689	-250500.689
opz35o	1991	33	n	479068	31	dubex	FALSE	3644	974912.689	-250500.689
opz35o	1991	33	n	479068	32	trumlex	TRUE	3422	974912.689	-250500.689
opz35o	1991	33	n	479068	33	kajler	FALSE	10394	974912.689	-250500.689
opz35o	1991	33	n	479068	34	rojett	FALSE	5509	974912.689	-250500.689
opz35o	1991	33	n	479068	35	hodel	TRUE	3061	974912.689	-250500.689
opz35o	1991	33	n	479068	36	bachesz	TRUE	2278	974912.689	-250500.689
opz35o	1991	33	n	479068	37	kojex	FALSE	4157	974912.689	-250500.689
opz35o	1991	33	n	479068	38	bralek	FALSE	16281	974912.689	-250500.689
opz35o	1991	33	n	479068	39	pámen	FALSE	3372	974912.689	-250500.689
opz35o	1991	33	n	479068	40	kacsek	FALSE	3798	974912.689	-250500.689
opz35o	1991	33	n	479068	41	kojex	FALSE	2061	974912.689	-250500.689
opz35o	1991	33	n	479068	42	laben	TRUE	3901	974912.689	-250500.689
opz35o	1991	33	n	479068	43	slotens	FALSE	3744	974912.689	-250500.689
opz35o	1991	33	n	479068	44	bórcer	FALSE	9122	974912.689	-250500.689
opz35o	1991	33	n	479068	45	daken	FALSE	2707	974912.689	-250500.689
opz35o	1991	33	n	479068	46	pratec	FALSE	6482	974912.689	-250500.689
opz35o	1991	33	n	479068	47	mojem	FALSE	6703	974912.689	-250500.689
opz35o	1991	33	n	479068	48	hacel	FALSE	2642	974912.689	-250500.689
opz35o	1991	33	n	479068	49	ojett	FALSE	3787	974912.689	-250500.689
opz35o	1991	33	n	479068	50	pámen	FALSE	2817	974912.689	-250500.689
opz35o	1991	33	n	479068	51	forrel	FALSE	3390	974912.689	-250500.689
opz35o	1991	33	n	479068	52	pódens	FALSE	2181	974912.689	-250500.689
opz35o	1991	33	n	479068	53	takkesz	FALSE	4533	974912.689	-250500.689
opz35o	1991	33	n	479068	54	bachesz	TRUE	8332	974912.689	-250500.689
opz35o	1991	33	n	479068	55	kranel	FALSE	4539	974912.689	-250500.689
opz35o	1991	33	n	479068	56	tokex	FALSE	2425	974912.689	-250500.689
opz35o	1991	33	n	479068	57	kamesz	FALSE	10405	974912.689	-250500.689
opz35o	1991	33	n	479068	58	baktec	FALSE	4403	974912.689	-250500.689
opz35o	1991	33	n	479068	59	sapec	FALSE	7321	974912.689	-250500.689
opz35o	1991	33	n	479068	60	saklek	FALSE	4645	974912.689	-250500.689
opz35o	1991	33	n	479068	61	ubrem	FALSE	3789	974912.689	-250500.689
opz35o	1991	33	n	479068	62	tokex	FALSE	2207	974912.689	-250500.689
opz35o	1991	33	n	479068	63	sapec	TRUE	4713	974912.689	-250500.689
opz35o	1991	33	n	479068	64	szkatyec	FALSE	13598	974912.689	-250500.689
opz35o	1991	33	n	479068	65	suter	FALSE	2496	974912.689	-250500.689
opz35o	1991	33	n	479068	66	sudel	FALSE	3400	974912.689	-250500.689
opz35o	1991	33	n	479068	67	stokler	TRUE	7605	974912.689	-250500.689
opz35o	1991	33	n	479068	68	loftvens	FALSE	2694	974912.689	-250500.689
opz35o	1991	33	n	479068	69	szláken	FALSE	2106	974912.689	-250500.689
opz35o	1991	33	n	479068	70	bondett	FALSE	4569	974912.689	-250500.689
opz35o	1991	33	n	479068	71	kokker	FALSE	1862	974912.689	-250500.689
opz35o	1991	33	n	479068	72	hókens	FALSE	2322	974912.689	-250500.689
opz35o	1991	33	n	479068	73	bórcer	FALSE	2568	974912.689	-250500.689
opz35o	1991	33	n	479068	74	plosztem	FALSE	4737	974912.689	-250500.689
opz35o	1991	33	n	479068	75	laben	TRUE	3848	974912.689	-250500.689
opz35o	1991	33	n	479068	76	bálen	FALSE	2957	974912.689	-250500.689
opz35o	1991	33	n	479068	77	stokler	FALSE	3649	974912.689	-250500.689
opz35o	1991	33	n	479068	78	pofszett	FALSE	2476	974912.689	-250500.689
opz35o	1991	33	n	479068	79	moplec	FALSE	2400	974912.689	-250500.689
opz35o	1991	33	n	479068	80	pofszett	FALSE	2454	974912.689	-250500.689
opz35o	1991	33	n	479068	81	voglens	FALSE	2744	974912.689	-250500.689
opz35o	1991	33	n	479068	82	sudel	FALSE	2026	974912.689	-250500.689
opz35o	1991	33	n	479068	83	hodel	FALSE	2509	974912.689	-250500.689
opz35o	1991	33	n	479068	84	próngem	FALSE	3261	974912.689	-250500.689
opz35o	1991	33	n	479068	85	suter	FALSE	1736	974912.689	-250500.689
opz35o	1991	33	n	479068	86	loftvens	FALSE	1904	974912.689	-250500.689
opz35o	1991	33	n	479068	87	kampesz	TRUE	2909	974912.689	-250500.689
opz35o	1991	33	n	479068	88	bojex	FALSE	2356	974912.689	-250500.689
opz35o	1991	33	n	479068	89	forrel	FALSE	3367	974912.689	-250500.689
opz35o	1991	33	n	479068	90	hacel	FALSE	6587	974912.689	-250500.689
opz35o	1991	33	n	479068	91	pratec	FALSE	1808	974912.689	-250500.689
opz35o	1991	33	n	479068	92	bálen	FALSE	3528	974912.689	-250500.689
opz35o	1991	33	n	479068	93	dubex	FALSE	1421	974912.689	-250500.689
opz35o	1991	33	n	479068	94	szkatyec	FALSE	2669	974912.689	-250500.689
opz35o	1991	33	n	479068	95	kamesz	TRUE	5753	974912.689	-250500.689
opz35o	1991	33	n	479068	96	mojem	TRUE	5430	974912.689	-250500.689
opz35o	1991	33	n	479068	97	bojex	FALSE	2672	974912.689	-250500.689
opz35o	1991	33	n	479068	98	flotek	FALSE	1799	974912.689	-250500.689
opz35o	1991	33	n	479068	99	kumek	FALSE	3537	974912.689	-250500.689
opz35o	1991	33	n	479068	100	kacsek	TRUE	7513	974912.689	-250500.689
IEFSLA	2003	21	f	265924	1	kacsek	FALSE	7276	974912.689	-250500.689
IEFSLA	2003	21	f	265924	2	próngem	TRUE	15119	974912.689	-250500.689
IEFSLA	2003	21	f	265924	3	trumlex	TRUE	25279	974912.689	-250500.689
IEFSLA	2003	21	f	265924	4	slotens	FALSE	8235	974912.689	-250500.689
IEFSLA	2003	21	f	265924	5	bórcer	TRUE	3900	974912.689	-250500.689
IEFSLA	2003	21	f	265924	6	hacel	FALSE	6281	974912.689	-250500.689
IEFSLA	2003	21	f	265924	7	loftvens	FALSE	3978	974912.689	-250500.689
IEFSLA	2003	21	f	265924	8	próngem	TRUE	3624	974912.689	-250500.689
IEFSLA	2003	21	f	265924	9	tosztem	FALSE	10878	974912.689	-250500.689
IEFSLA	2003	21	f	265924	10	sapec	TRUE	3110	974912.689	-250500.689
IEFSLA	2003	21	f	265924	11	pratec	TRUE	2365	974912.689	-250500.689
IEFSLA	2003	21	f	265924	12	dubex	FALSE	2096	974912.689	-250500.689
IEFSLA	2003	21	f	265924	13	rojett	TRUE	1718	974912.689	-250500.689
IEFSLA	2003	21	f	265924	14	stokler	TRUE	4038	974912.689	-250500.689
IEFSLA	2003	21	f	265924	15	bachesz	FALSE	2164	974912.689	-250500.689
IEFSLA	2003	21	f	265924	16	gortesz	FALSE	2231	974912.689	-250500.689
IEFSLA	2003	21	f	265924	17	moplec	FALSE	2778	974912.689	-250500.689
IEFSLA	2003	21	f	265924	18	pódens	FALSE	2802	974912.689	-250500.689
IEFSLA	2003	21	f	265924	19	voglens	FALSE	1738	974912.689	-250500.689
IEFSLA	2003	21	f	265924	20	pofszett	FALSE	4598	974912.689	-250500.689
IEFSLA	2003	21	f	265924	21	ubrem	FALSE	5242	974912.689	-250500.689
IEFSLA	2003	21	f	265924	22	kampesz	TRUE	1670	974912.689	-250500.689
IEFSLA	2003	21	f	265924	23	loftvens	FALSE	3498	974912.689	-250500.689
IEFSLA	2003	21	f	265924	24	kumek	TRUE	5017	974912.689	-250500.689
IEFSLA	2003	21	f	265924	25	plosztem	FALSE	3743	974912.689	-250500.689
IEFSLA	2003	21	f	265924	26	bálen	TRUE	1826	974912.689	-250500.689
IEFSLA	2003	21	f	265924	27	tokex	FALSE	2073	974912.689	-250500.689
IEFSLA	2003	21	f	265924	28	bralek	FALSE	2294	974912.689	-250500.689
IEFSLA	2003	21	f	265924	29	kojex	TRUE	1599	974912.689	-250500.689
IEFSLA	2003	21	f	265924	30	bralek	TRUE	1185	974912.689	-250500.689
IEFSLA	2003	21	f	265924	31	pofszett	TRUE	2064	974912.689	-250500.689
IEFSLA	2003	21	f	265924	32	ojett	FALSE	1751	974912.689	-250500.689
IEFSLA	2003	21	f	265924	33	szláken	FALSE	2401	974912.689	-250500.689
IEFSLA	2003	21	f	265924	34	pámen	TRUE	2567	974912.689	-250500.689
IEFSLA	2003	21	f	265924	35	suter	FALSE	3128	974912.689	-250500.689
IEFSLA	2003	21	f	265924	36	bálen	FALSE	1885	974912.689	-250500.689
IEFSLA	2003	21	f	265924	37	dubex	FALSE	1835	974912.689	-250500.689
IEFSLA	2003	21	f	265924	38	suter	TRUE	1460	974912.689	-250500.689
IEFSLA	2003	21	f	265924	39	kampesz	TRUE	1822	974912.689	-250500.689
IEFSLA	2003	21	f	265924	40	kajler	FALSE	1282	974912.689	-250500.689
IEFSLA	2003	21	f	265924	41	kranel	FALSE	1948	974912.689	-250500.689
IEFSLA	2003	21	f	265924	42	voglens	TRUE	2595	974912.689	-250500.689
IEFSLA	2003	21	f	265924	43	sudel	TRUE	1991	974912.689	-250500.689
IEFSLA	2003	21	f	265924	44	pratec	TRUE	6397	974912.689	-250500.689
IEFSLA	2003	21	f	265924	45	bondett	TRUE	2180	974912.689	-250500.689
IEFSLA	2003	21	f	265924	46	vódett	TRUE	1830	974912.689	-250500.689
IEFSLA	2003	21	f	265924	47	kokker	TRUE	3282	974912.689	-250500.689
IEFSLA	2003	21	f	265924	48	kacsek	TRUE	1797	974912.689	-250500.689
IEFSLA	2003	21	f	265924	49	kamesz	TRUE	2819	974912.689	-250500.689
IEFSLA	2003	21	f	265924	50	kokker	TRUE	1517	974912.689	-250500.689
IEFSLA	2003	21	f	265924	51	baktec	FALSE	1476	974912.689	-250500.689
IEFSLA	2003	21	f	265924	52	slotens	TRUE	2818	974912.689	-250500.689
IEFSLA	2003	21	f	265924	53	hókens	TRUE	1605	974912.689	-250500.689
IEFSLA	2003	21	f	265924	54	sudel	TRUE	1516	974912.689	-250500.689
IEFSLA	2003	21	f	265924	55	bachesz	TRUE	1364	974912.689	-250500.689
IEFSLA	2003	21	f	265924	56	szkatyec	TRUE	2120	974912.689	-250500.689
IEFSLA	2003	21	f	265924	57	kranel	TRUE	1118	974912.689	-250500.689
IEFSLA	2003	21	f	265924	58	bondett	FALSE	921	974912.689	-250500.689
IEFSLA	2003	21	f	265924	59	tosztem	TRUE	1004	974912.689	-250500.689
IEFSLA	2003	21	f	265924	60	sapec	FALSE	2278	974912.689	-250500.689
IEFSLA	2003	21	f	265924	61	plosztem	FALSE	641	974912.689	-250500.689
IEFSLA	2003	21	f	265924	62	vódett	TRUE	1867	974912.689	-250500.689
IEFSLA	2003	21	f	265924	63	ubrem	FALSE	2617	974912.689	-250500.689
IEFSLA	2003	21	f	265924	64	flotek	TRUE	2579	974912.689	-250500.689
IEFSLA	2003	21	f	265924	65	takkesz	TRUE	1689	974912.689	-250500.689
IEFSLA	2003	21	f	265924	66	baktec	TRUE	1301	974912.689	-250500.689
IEFSLA	2003	21	f	265924	67	saklek	TRUE	1180	974912.689	-250500.689
IEFSLA	2003	21	f	265924	68	laben	TRUE	1188	974912.689	-250500.689
IEFSLA	2003	21	f	265924	69	kajler	TRUE	1006	974912.689	-250500.689
IEFSLA	2003	21	f	265924	70	kumek	TRUE	1219	974912.689	-250500.689
IEFSLA	2003	21	f	265924	71	pódens	TRUE	1146	974912.689	-250500.689
IEFSLA	2003	21	f	265924	72	hókens	TRUE	1248	974912.689	-250500.689
IEFSLA	2003	21	f	265924	73	kamesz	TRUE	1226	974912.689	-250500.689
IEFSLA	2003	21	f	265924	74	daken	TRUE	956	974912.689	-250500.689
IEFSLA	2003	21	f	265924	75	stokler	TRUE	1017	974912.689	-250500.689
IEFSLA	2003	21	f	265924	76	hacel	TRUE	1141	974912.689	-250500.689
IEFSLA	2003	21	f	265924	77	hodel	TRUE	1180	974912.689	-250500.689
IEFSLA	2003	21	f	265924	78	szláken	TRUE	1231	974912.689	-250500.689
IEFSLA	2003	21	f	265924	79	moplec	TRUE	1529	974912.689	-250500.689
IEFSLA	2003	21	f	265924	80	daken	TRUE	1768	974912.689	-250500.689
IEFSLA	2003	21	f	265924	81	gortesz	TRUE	1005	974912.689	-250500.689
IEFSLA	2003	21	f	265924	82	bojex	TRUE	1183	974912.689	-250500.689
IEFSLA	2003	21	f	265924	83	forrel	TRUE	729	974912.689	-250500.689
IEFSLA	2003	21	f	265924	84	ojett	TRUE	762	974912.689	-250500.689
IEFSLA	2003	21	f	265924	85	laben	TRUE	1602	974912.689	-250500.689
IEFSLA	2003	21	f	265924	86	bórcer	TRUE	1017	974912.689	-250500.689
IEFSLA	2003	21	f	265924	87	bojex	TRUE	816	974912.689	-250500.689
IEFSLA	2003	21	f	265924	88	pámen	TRUE	1607	974912.689	-250500.689
IEFSLA	2003	21	f	265924	89	mojem	TRUE	1765	974912.689	-250500.689
IEFSLA	2003	21	f	265924	90	hodel	TRUE	1486	974912.689	-250500.689
IEFSLA	2003	21	f	265924	91	mojem	TRUE	1340	974912.689	-250500.689
IEFSLA	2003	21	f	265924	92	saklek	TRUE	2589	974912.689	-250500.689
IEFSLA	2003	21	f	265924	93	tokex	TRUE	2792	974912.689	-250500.689
IEFSLA	2003	21	f	265924	94	rojett	TRUE	980	974912.689	-250500.689
IEFSLA	2003	21	f	265924	95	forrel	TRUE	889	974912.689	-250500.689
IEFSLA	2003	21	f	265924	96	szkatyec	FALSE	5041	974912.689	-250500.689
IEFSLA	2003	21	f	265924	97	flotek	TRUE	3325	974912.689	-250500.689
IEFSLA	2003	21	f	265924	98	takkesz	TRUE	1339	974912.689	-250500.689
IEFSLA	2003	21	f	265924	99	kojex	TRUE	1304	974912.689	-250500.689
IEFSLA	2003	21	f	265924	100	trumlex	FALSE	1498	974912.689	-250500.689
I96K3F	2003	21	nő	558269	1	szkatyec	TRUE	6691	974912.689	-250500.689
I96K3F	2003	21	nő	558269	2	sapec	TRUE	6483	974912.689	-250500.689
I96K3F	2003	21	nő	558269	3	slotens	TRUE	7111	974912.689	-250500.689
I96K3F	2003	21	nő	558269	4	mojem	TRUE	20624	974912.689	-250500.689
I96K3F	2003	21	nő	558269	5	hodel	TRUE	7548	974912.689	-250500.689
I96K3F	2003	21	nő	558269	6	kranel	TRUE	6993	974912.689	-250500.689
I96K3F	2003	21	nő	558269	7	kampesz	TRUE	8601	974912.689	-250500.689
I96K3F	2003	21	nő	558269	8	moplec	TRUE	7730	974912.689	-250500.689
I96K3F	2003	21	nő	558269	9	kamesz	FALSE	10428	974912.689	-250500.689
I96K3F	2003	21	nő	558269	10	ubrem	FALSE	13402	974912.689	-250500.689
I96K3F	2003	21	nő	558269	11	próngem	FALSE	6055	974912.689	-250500.689
I96K3F	2003	21	nő	558269	12	vódett	FALSE	5429	974912.689	-250500.689
I96K3F	2003	21	nő	558269	13	pratec	TRUE	8625	974912.689	-250500.689
I96K3F	2003	21	nő	558269	14	stokler	TRUE	5689	974912.689	-250500.689
I96K3F	2003	21	nő	558269	15	pratec	TRUE	6985	974912.689	-250500.689
I96K3F	2003	21	nő	558269	16	bojex	FALSE	9309	974912.689	-250500.689
I96K3F	2003	21	nő	558269	17	kacsek	FALSE	8854	974912.689	-250500.689
I96K3F	2003	21	nő	558269	18	tosztem	TRUE	16414	974912.689	-250500.689
I96K3F	2003	21	nő	558269	19	flotek	TRUE	5595	974912.689	-250500.689
I96K3F	2003	21	nő	558269	20	bálen	FALSE	9221	974912.689	-250500.689
I96K3F	2003	21	nő	558269	21	kamesz	TRUE	4802	974912.689	-250500.689
I96K3F	2003	21	nő	558269	22	hodel	TRUE	5368	974912.689	-250500.689
I96K3F	2003	21	nő	558269	23	moplec	FALSE	7081	974912.689	-250500.689
I96K3F	2003	21	nő	558269	24	tokex	FALSE	3718	974912.689	-250500.689
I96K3F	2003	21	nő	558269	25	ojett	FALSE	4260	974912.689	-250500.689
I96K3F	2003	21	nő	558269	26	laben	TRUE	7050	974912.689	-250500.689
I96K3F	2003	21	nő	558269	27	kumek	TRUE	7030	974912.689	-250500.689
I96K3F	2003	21	nő	558269	28	gortesz	TRUE	3241	974912.689	-250500.689
I96K3F	2003	21	nő	558269	29	bondett	FALSE	9034	974912.689	-250500.689
I96K3F	2003	21	nő	558269	30	vódett	FALSE	4451	974912.689	-250500.689
I96K3F	2003	21	nő	558269	31	szláken	FALSE	5809	974912.689	-250500.689
I96K3F	2003	21	nő	558269	32	kojex	FALSE	5116	974912.689	-250500.689
I96K3F	2003	21	nő	558269	33	saklek	TRUE	3980	974912.689	-250500.689
I96K3F	2003	21	nő	558269	34	daken	FALSE	3580	974912.689	-250500.689
I96K3F	2003	21	nő	558269	35	kokker	FALSE	3650	974912.689	-250500.689
I96K3F	2003	21	nő	558269	36	daken	TRUE	3383	974912.689	-250500.689
I96K3F	2003	21	nő	558269	37	bórcer	FALSE	10295	974912.689	-250500.689
I96K3F	2003	21	nő	558269	38	forrel	FALSE	3340	974912.689	-250500.689
I96K3F	2003	21	nő	558269	39	kokker	FALSE	4272	974912.689	-250500.689
I96K3F	2003	21	nő	558269	40	takkesz	FALSE	3069	974912.689	-250500.689
I96K3F	2003	21	nő	558269	41	baktec	FALSE	4114	974912.689	-250500.689
I96K3F	2003	21	nő	558269	42	pofszett	FALSE	5555	974912.689	-250500.689
I96K3F	2003	21	nő	558269	43	trumlex	FALSE	4258	974912.689	-250500.689
I96K3F	2003	21	nő	558269	44	bachesz	FALSE	3982	974912.689	-250500.689
I96K3F	2003	21	nő	558269	45	bórcer	FALSE	3659	974912.689	-250500.689
I96K3F	2003	21	nő	558269	46	plosztem	FALSE	3474	974912.689	-250500.689
I96K3F	2003	21	nő	558269	47	pámen	FALSE	2662	974912.689	-250500.689
I96K3F	2003	21	nő	558269	48	kojex	FALSE	2926	974912.689	-250500.689
I96K3F	2003	21	nő	558269	49	suter	TRUE	7180	974912.689	-250500.689
I96K3F	2003	21	nő	558269	50	szláken	FALSE	4563	974912.689	-250500.689
I96K3F	2003	21	nő	558269	51	forrel	FALSE	6746	974912.689	-250500.689
I96K3F	2003	21	nő	558269	52	voglens	FALSE	3138	974912.689	-250500.689
I96K3F	2003	21	nő	558269	53	mojem	TRUE	2734	974912.689	-250500.689
I96K3F	2003	21	nő	558269	54	bálen	FALSE	8499	974912.689	-250500.689
I96K3F	2003	21	nő	558269	55	kumek	FALSE	6224	974912.689	-250500.689
I96K3F	2003	21	nő	558269	56	bralek	FALSE	3728	974912.689	-250500.689
I96K3F	2003	21	nő	558269	57	rojett	FALSE	5527	974912.689	-250500.689
I96K3F	2003	21	nő	558269	58	ojett	FALSE	2840	974912.689	-250500.689
I96K3F	2003	21	nő	558269	59	plosztem	FALSE	6499	974912.689	-250500.689
I96K3F	2003	21	nő	558269	60	tokex	FALSE	5344	974912.689	-250500.689
I96K3F	2003	21	nő	558269	61	bondett	FALSE	7056	974912.689	-250500.689
I96K3F	2003	21	nő	558269	62	kampesz	TRUE	2474	974912.689	-250500.689
I96K3F	2003	21	nő	558269	63	ubrem	FALSE	7146	974912.689	-250500.689
I96K3F	2003	21	nő	558269	64	voglens	FALSE	4879	974912.689	-250500.689
I96K3F	2003	21	nő	558269	65	gortesz	TRUE	2065	974912.689	-250500.689
I96K3F	2003	21	nő	558269	66	rojett	TRUE	5291	974912.689	-250500.689
I96K3F	2003	21	nő	558269	67	bachesz	FALSE	6222	974912.689	-250500.689
I96K3F	2003	21	nő	558269	68	suter	TRUE	5024	974912.689	-250500.689
I96K3F	2003	21	nő	558269	69	dubex	FALSE	4296	974912.689	-250500.689
I96K3F	2003	21	nő	558269	70	sudel	TRUE	3309	974912.689	-250500.689
I96K3F	2003	21	nő	558269	71	hókens	FALSE	4630	974912.689	-250500.689
I96K3F	2003	21	nő	558269	72	hacel	TRUE	2530	974912.689	-250500.689
I96K3F	2003	21	nő	558269	73	kacsek	TRUE	2001	974912.689	-250500.689
I96K3F	2003	21	nő	558269	74	trumlex	TRUE	8232	974912.689	-250500.689
I96K3F	2003	21	nő	558269	75	tosztem	FALSE	6621	974912.689	-250500.689
I96K3F	2003	21	nő	558269	76	loftvens	TRUE	4959	974912.689	-250500.689
I96K3F	2003	21	nő	558269	77	hacel	FALSE	2923	974912.689	-250500.689
I96K3F	2003	21	nő	558269	78	pofszett	FALSE	4320	974912.689	-250500.689
I96K3F	2003	21	nő	558269	79	flotek	TRUE	3570	974912.689	-250500.689
I96K3F	2003	21	nő	558269	80	stokler	FALSE	3926	974912.689	-250500.689
I96K3F	2003	21	nő	558269	81	slotens	FALSE	5460	974912.689	-250500.689
I96K3F	2003	21	nő	558269	82	baktec	TRUE	6329	974912.689	-250500.689
I96K3F	2003	21	nő	558269	83	hókens	TRUE	3589	974912.689	-250500.689
I96K3F	2003	21	nő	558269	84	szkatyec	TRUE	9966	974912.689	-250500.689
I96K3F	2003	21	nő	558269	85	pódens	FALSE	2985	974912.689	-250500.689
I96K3F	2003	21	nő	558269	86	laben	TRUE	4959	974912.689	-250500.689
I96K3F	2003	21	nő	558269	87	bojex	TRUE	2948	974912.689	-250500.689
I96K3F	2003	21	nő	558269	88	dubex	TRUE	1424	974912.689	-250500.689
I96K3F	2003	21	nő	558269	89	pódens	FALSE	4434	974912.689	-250500.689
I96K3F	2003	21	nő	558269	90	pámen	TRUE	2809	974912.689	-250500.689
I96K3F	2003	21	nő	558269	91	bralek	TRUE	3956	974912.689	-250500.689
I96K3F	2003	21	nő	558269	92	saklek	TRUE	3696	974912.689	-250500.689
I96K3F	2003	21	nő	558269	93	próngem	FALSE	7417	974912.689	-250500.689
I96K3F	2003	21	nő	558269	94	kranel	TRUE	2691	974912.689	-250500.689
I96K3F	2003	21	nő	558269	95	sudel	FALSE	5029	974912.689	-250500.689
I96K3F	2003	21	nő	558269	96	kajler	FALSE	2499	974912.689	-250500.689
I96K3F	2003	21	nő	558269	97	loftvens	TRUE	3517	974912.689	-250500.689
I96K3F	2003	21	nő	558269	98	kajler	FALSE	8391	974912.689	-250500.689
I96K3F	2003	21	nő	558269	99	takkesz	FALSE	5613	974912.689	-250500.689
I96K3F	2003	21	nő	558269	100	sapec	TRUE	5115	974912.689	-250500.689
DRY8K8	2004	20	nő	260381	1	kumek	FALSE	1704	974912.689	-250500.689
DRY8K8	2004	20	nő	260381	2	trumlex	FALSE	2071	974912.689	-250500.689
DRY8K8	2004	20	nő	260381	3	bojex	FALSE	1783	974912.689	-250500.689
DRY8K8	2004	20	nő	260381	4	szkatyec	FALSE	2556	974912.689	-250500.689
DRY8K8	2004	20	nő	260381	5	pámen	FALSE	4321	974912.689	-250500.689
DRY8K8	2004	20	nő	260381	6	vódett	FALSE	3670	974912.689	-250500.689
DRY8K8	2004	20	nő	260381	7	laben	TRUE	3533	974912.689	-250500.689
DRY8K8	2004	20	nő	260381	8	moplec	TRUE	3093	974912.689	-250500.689
DRY8K8	2004	20	nő	260381	9	ojett	TRUE	2864	974912.689	-250500.689
DRY8K8	2004	20	nő	260381	10	flotek	TRUE	3182	974912.689	-250500.689
DRY8K8	2004	20	nő	260381	11	kampesz	TRUE	4054	974912.689	-250500.689
DRY8K8	2004	20	nő	260381	12	plosztem	FALSE	5707	974912.689	-250500.689
DRY8K8	2004	20	nő	260381	13	szláken	FALSE	6280	974912.689	-250500.689
DRY8K8	2004	20	nő	260381	14	forrel	TRUE	4187	974912.689	-250500.689
DRY8K8	2004	20	nő	260381	15	kojex	TRUE	3793	974912.689	-250500.689
DRY8K8	2004	20	nő	260381	16	bralek	FALSE	3120	974912.689	-250500.689
DRY8K8	2004	20	nő	260381	17	plosztem	FALSE	2647	974912.689	-250500.689
DRY8K8	2004	20	nő	260381	18	kokker	TRUE	6754	974912.689	-250500.689
DRY8K8	2004	20	nő	260381	19	kajler	TRUE	1570	974912.689	-250500.689
DRY8K8	2004	20	nő	260381	20	daken	TRUE	1230	974912.689	-250500.689
DRY8K8	2004	20	nő	260381	21	hókens	FALSE	1952	974912.689	-250500.689
DRY8K8	2004	20	nő	260381	22	sapec	TRUE	1696	974912.689	-250500.689
DRY8K8	2004	20	nő	260381	23	tokex	FALSE	2244	974912.689	-250500.689
DRY8K8	2004	20	nő	260381	24	kajler	TRUE	4750	974912.689	-250500.689
DRY8K8	2004	20	nő	260381	25	kokker	FALSE	1761	974912.689	-250500.689
DRY8K8	2004	20	nő	260381	26	pódens	FALSE	4954	974912.689	-250500.689
DRY8K8	2004	20	nő	260381	27	ojett	FALSE	3590	974912.689	-250500.689
DRY8K8	2004	20	nő	260381	28	bórcer	FALSE	3926	974912.689	-250500.689
DRY8K8	2004	20	nő	260381	29	bórcer	TRUE	2093	974912.689	-250500.689
DRY8K8	2004	20	nő	260381	30	hacel	FALSE	3517	974912.689	-250500.689
DRY8K8	2004	20	nő	260381	31	pámen	TRUE	1390	974912.689	-250500.689
DRY8K8	2004	20	nő	260381	32	hodel	TRUE	1343	974912.689	-250500.689
DRY8K8	2004	20	nő	260381	33	suter	TRUE	1104	974912.689	-250500.689
DRY8K8	2004	20	nő	260381	34	forrel	TRUE	1044	974912.689	-250500.689
DRY8K8	2004	20	nő	260381	35	stokler	TRUE	1734	974912.689	-250500.689
DRY8K8	2004	20	nő	260381	36	bachesz	FALSE	3558	974912.689	-250500.689
DRY8K8	2004	20	nő	260381	37	gortesz	FALSE	2040	974912.689	-250500.689
DRY8K8	2004	20	nő	260381	38	bálen	FALSE	3219	974912.689	-250500.689
DRY8K8	2004	20	nő	260381	39	takkesz	FALSE	5110	974912.689	-250500.689
DRY8K8	2004	20	nő	260381	40	pofszett	FALSE	3602	974912.689	-250500.689
DRY8K8	2004	20	nő	260381	41	hókens	FALSE	3332	974912.689	-250500.689
DRY8K8	2004	20	nő	260381	42	szkatyec	FALSE	4502	974912.689	-250500.689
DRY8K8	2004	20	nő	260381	43	bachesz	TRUE	1875	974912.689	-250500.689
DRY8K8	2004	20	nő	260381	44	hodel	FALSE	2247	974912.689	-250500.689
DRY8K8	2004	20	nő	260381	45	bálen	FALSE	2061	974912.689	-250500.689
DRY8K8	2004	20	nő	260381	46	suter	FALSE	1655	974912.689	-250500.689
DRY8K8	2004	20	nő	260381	47	voglens	FALSE	1805	974912.689	-250500.689
DRY8K8	2004	20	nő	260381	48	tosztem	FALSE	2912	974912.689	-250500.689
DRY8K8	2004	20	nő	260381	49	daken	FALSE	2175	974912.689	-250500.689
DRY8K8	2004	20	nő	260381	50	kumek	FALSE	3243	974912.689	-250500.689
DRY8K8	2004	20	nő	260381	51	bralek	TRUE	4091	974912.689	-250500.689
DRY8K8	2004	20	nő	260381	52	loftvens	FALSE	5826	974912.689	-250500.689
DRY8K8	2004	20	nő	260381	53	sudel	FALSE	1836	974912.689	-250500.689
DRY8K8	2004	20	nő	260381	54	sapec	TRUE	1606	974912.689	-250500.689
DRY8K8	2004	20	nő	260381	55	bondett	FALSE	2569	974912.689	-250500.689
DRY8K8	2004	20	nő	260381	56	baktec	FALSE	7671	974912.689	-250500.689
DRY8K8	2004	20	nő	260381	57	pofszett	FALSE	1784	974912.689	-250500.689
DRY8K8	2004	20	nő	260381	58	bondett	FALSE	1291	974912.689	-250500.689
DRY8K8	2004	20	nő	260381	59	ubrem	FALSE	2206	974912.689	-250500.689
DRY8K8	2004	20	nő	260381	60	kamesz	FALSE	1692	974912.689	-250500.689
DRY8K8	2004	20	nő	260381	61	takkesz	FALSE	1419	974912.689	-250500.689
DRY8K8	2004	20	nő	260381	62	vódett	FALSE	1343	974912.689	-250500.689
DRY8K8	2004	20	nő	260381	63	szláken	FALSE	2192	974912.689	-250500.689
DRY8K8	2004	20	nő	260381	64	kamesz	FALSE	2142	974912.689	-250500.689
DRY8K8	2004	20	nő	260381	65	mojem	FALSE	1545	974912.689	-250500.689
DRY8K8	2004	20	nő	260381	66	kacsek	FALSE	3249	974912.689	-250500.689
DRY8K8	2004	20	nő	260381	67	voglens	FALSE	2660	974912.689	-250500.689
DRY8K8	2004	20	nő	260381	68	kranel	FALSE	5038	974912.689	-250500.689
DRY8K8	2004	20	nő	260381	69	baktec	FALSE	1218	974912.689	-250500.689
DRY8K8	2004	20	nő	260381	70	dubex	FALSE	1531	974912.689	-250500.689
DRY8K8	2004	20	nő	260381	71	flotek	FALSE	2828	974912.689	-250500.689
DRY8K8	2004	20	nő	260381	72	hacel	FALSE	2303	974912.689	-250500.689
DRY8K8	2004	20	nő	260381	73	kranel	FALSE	1904	974912.689	-250500.689
DRY8K8	2004	20	nő	260381	74	moplec	FALSE	2105	974912.689	-250500.689
DRY8K8	2004	20	nő	260381	75	trumlex	FALSE	2101	974912.689	-250500.689
DRY8K8	2004	20	nő	260381	76	pratec	FALSE	1507	974912.689	-250500.689
DRY8K8	2004	20	nő	260381	77	loftvens	FALSE	2134	974912.689	-250500.689
DRY8K8	2004	20	nő	260381	78	gortesz	FALSE	1965	974912.689	-250500.689
DRY8K8	2004	20	nő	260381	79	laben	FALSE	1937	974912.689	-250500.689
DRY8K8	2004	20	nő	260381	80	kampesz	FALSE	3316	974912.689	-250500.689
DRY8K8	2004	20	nő	260381	81	dubex	FALSE	1729	974912.689	-250500.689
DRY8K8	2004	20	nő	260381	82	pódens	FALSE	1631	974912.689	-250500.689
DRY8K8	2004	20	nő	260381	83	próngem	FALSE	2047	974912.689	-250500.689
DRY8K8	2004	20	nő	260381	84	rojett	FALSE	1398	974912.689	-250500.689
DRY8K8	2004	20	nő	260381	85	saklek	FALSE	2110	974912.689	-250500.689
DRY8K8	2004	20	nő	260381	86	mojem	FALSE	2007	974912.689	-250500.689
DRY8K8	2004	20	nő	260381	87	sudel	FALSE	3302	974912.689	-250500.689
DRY8K8	2004	20	nő	260381	88	stokler	FALSE	2870	974912.689	-250500.689
DRY8K8	2004	20	nő	260381	89	saklek	FALSE	1919	974912.689	-250500.689
DRY8K8	2004	20	nő	260381	90	tokex	FALSE	2867	974912.689	-250500.689
DRY8K8	2004	20	nő	260381	91	tosztem	FALSE	2016	974912.689	-250500.689
DRY8K8	2004	20	nő	260381	92	bojex	FALSE	1195	974912.689	-250500.689
DRY8K8	2004	20	nő	260381	93	pratec	FALSE	2009	974912.689	-250500.689
DRY8K8	2004	20	nő	260381	94	próngem	FALSE	1662	974912.689	-250500.689
DRY8K8	2004	20	nő	260381	95	ubrem	FALSE	1214	974912.689	-250500.689
DRY8K8	2004	20	nő	260381	96	kojex	FALSE	1155	974912.689	-250500.689
DRY8K8	2004	20	nő	260381	97	slotens	FALSE	1306	974912.689	-250500.689
DRY8K8	2004	20	nő	260381	98	slotens	FALSE	2201	974912.689	-250500.689
DRY8K8	2004	20	nő	260381	99	rojett	FALSE	932	974912.689	-250500.689
DRY8K8	2004	20	nő	260381	100	kacsek	FALSE	1249	974912.689	-250500.689
J8UG1R	2005	19	n	247281	1	pódens	FALSE	2145	974912.689	-250500.689
J8UG1R	2005	19	n	247281	2	hodel	FALSE	1382	974912.689	-250500.689
J8UG1R	2005	19	n	247281	3	bachesz	FALSE	3000	974912.689	-250500.689
J8UG1R	2005	19	n	247281	4	próngem	TRUE	1970	974912.689	-250500.689
J8UG1R	2005	19	n	247281	5	ojett	TRUE	2246	974912.689	-250500.689
J8UG1R	2005	19	n	247281	6	kampesz	TRUE	2572	974912.689	-250500.689
J8UG1R	2005	19	n	247281	7	gortesz	FALSE	2555	974912.689	-250500.689
J8UG1R	2005	19	n	247281	8	flotek	TRUE	3323	974912.689	-250500.689
J8UG1R	2005	19	n	247281	9	kranel	FALSE	3336	974912.689	-250500.689
J8UG1R	2005	19	n	247281	10	bórcer	FALSE	3389	974912.689	-250500.689
J8UG1R	2005	19	n	247281	11	voglens	FALSE	2832	974912.689	-250500.689
J8UG1R	2005	19	n	247281	12	moplec	TRUE	1608	974912.689	-250500.689
J8UG1R	2005	19	n	247281	13	sudel	TRUE	1905	974912.689	-250500.689
J8UG1R	2005	19	n	247281	14	bojex	TRUE	3218	974912.689	-250500.689
J8UG1R	2005	19	n	247281	15	suter	TRUE	2374	974912.689	-250500.689
J8UG1R	2005	19	n	247281	16	pámen	FALSE	1741	974912.689	-250500.689
J8UG1R	2005	19	n	247281	17	ubrem	FALSE	1723	974912.689	-250500.689
J8UG1R	2005	19	n	247281	18	tosztem	TRUE	1937	974912.689	-250500.689
J8UG1R	2005	19	n	247281	19	flotek	FALSE	1318	974912.689	-250500.689
J8UG1R	2005	19	n	247281	20	ubrem	TRUE	1024	974912.689	-250500.689
J8UG1R	2005	19	n	247281	21	kokker	FALSE	1329	974912.689	-250500.689
J8UG1R	2005	19	n	247281	22	kajler	FALSE	1941	974912.689	-250500.689
J8UG1R	2005	19	n	247281	23	slotens	TRUE	2304	974912.689	-250500.689
J8UG1R	2005	19	n	247281	24	daken	TRUE	1352	974912.689	-250500.689
J8UG1R	2005	19	n	247281	25	kojex	FALSE	1453	974912.689	-250500.689
J8UG1R	2005	19	n	247281	26	baktec	TRUE	2126	974912.689	-250500.689
J8UG1R	2005	19	n	247281	27	rojett	TRUE	1569	974912.689	-250500.689
J8UG1R	2005	19	n	247281	28	szláken	TRUE	4698	974912.689	-250500.689
J8UG1R	2005	19	n	247281	29	tokex	FALSE	4366	974912.689	-250500.689
J8UG1R	2005	19	n	247281	30	hodel	FALSE	2966	974912.689	-250500.689
J8UG1R	2005	19	n	247281	31	plosztem	TRUE	1385	974912.689	-250500.689
J8UG1R	2005	19	n	247281	32	moplec	TRUE	1594	974912.689	-250500.689
J8UG1R	2005	19	n	247281	33	rojett	TRUE	1888	974912.689	-250500.689
J8UG1R	2005	19	n	247281	34	hókens	FALSE	1958	974912.689	-250500.689
J8UG1R	2005	19	n	247281	35	vódett	TRUE	2237	974912.689	-250500.689
J8UG1R	2005	19	n	247281	36	stokler	FALSE	1518	974912.689	-250500.689
J8UG1R	2005	19	n	247281	37	loftvens	TRUE	2106	974912.689	-250500.689
J8UG1R	2005	19	n	247281	38	bojex	FALSE	3304	974912.689	-250500.689
J8UG1R	2005	19	n	247281	39	takkesz	FALSE	3357	974912.689	-250500.689
J8UG1R	2005	19	n	247281	40	sudel	FALSE	2338	974912.689	-250500.689
J8UG1R	2005	19	n	247281	41	pratec	FALSE	2744	974912.689	-250500.689
J8UG1R	2005	19	n	247281	42	pódens	FALSE	2847	974912.689	-250500.689
J8UG1R	2005	19	n	247281	43	szláken	FALSE	2840	974912.689	-250500.689
J8UG1R	2005	19	n	247281	44	hacel	FALSE	3193	974912.689	-250500.689
J8UG1R	2005	19	n	247281	45	sapec	TRUE	2838	974912.689	-250500.689
J8UG1R	2005	19	n	247281	46	saklek	FALSE	1984	974912.689	-250500.689
J8UG1R	2005	19	n	247281	47	forrel	TRUE	2044	974912.689	-250500.689
J8UG1R	2005	19	n	247281	48	trumlex	TRUE	3874	974912.689	-250500.689
J8UG1R	2005	19	n	247281	49	bálen	FALSE	118	974912.689	-250500.689
J8UG1R	2005	19	n	247281	50	pámen	FALSE	2158	974912.689	-250500.689
J8UG1R	2005	19	n	247281	51	kranel	TRUE	2065	974912.689	-250500.689
J8UG1R	2005	19	n	247281	52	saklek	FALSE	2351	974912.689	-250500.689
J8UG1R	2005	19	n	247281	53	kamesz	TRUE	1791	974912.689	-250500.689
J8UG1R	2005	19	n	247281	54	stokler	FALSE	1928	974912.689	-250500.689
J8UG1R	2005	19	n	247281	55	daken	TRUE	2072	974912.689	-250500.689
J8UG1R	2005	19	n	247281	56	kacsek	TRUE	1390	974912.689	-250500.689
J8UG1R	2005	19	n	247281	57	bórcer	FALSE	1907	974912.689	-250500.689
J8UG1R	2005	19	n	247281	58	hókens	FALSE	1828	974912.689	-250500.689
J8UG1R	2005	19	n	247281	59	kampesz	TRUE	1858	974912.689	-250500.689
J8UG1R	2005	19	n	247281	60	kumek	TRUE	2117	974912.689	-250500.689
J8UG1R	2005	19	n	247281	61	sapec	TRUE	4755	974912.689	-250500.689
J8UG1R	2005	19	n	247281	62	kumek	TRUE	1825	974912.689	-250500.689
J8UG1R	2005	19	n	247281	63	plosztem	FALSE	2080	974912.689	-250500.689
J8UG1R	2005	19	n	247281	64	hacel	FALSE	11411	974912.689	-250500.689
J8UG1R	2005	19	n	247281	65	loftvens	FALSE	3265	974912.689	-250500.689
J8UG1R	2005	19	n	247281	66	tokex	FALSE	3564	974912.689	-250500.689
J8UG1R	2005	19	n	247281	67	forrel	TRUE	1770	974912.689	-250500.689
J8UG1R	2005	19	n	247281	68	tosztem	FALSE	1440	974912.689	-250500.689
J8UG1R	2005	19	n	247281	69	kamesz	TRUE	954	974912.689	-250500.689
J8UG1R	2005	19	n	247281	70	szkatyec	FALSE	1046	974912.689	-250500.689
J8UG1R	2005	19	n	247281	71	pofszett	FALSE	2320	974912.689	-250500.689
J8UG1R	2005	19	n	247281	72	szkatyec	FALSE	3092	974912.689	-250500.689
J8UG1R	2005	19	n	247281	73	bondett	TRUE	1460	974912.689	-250500.689
J8UG1R	2005	19	n	247281	74	mojem	FALSE	2153	974912.689	-250500.689
J8UG1R	2005	19	n	247281	75	laben	FALSE	3525	974912.689	-250500.689
J8UG1R	2005	19	n	247281	76	kojex	FALSE	1691	974912.689	-250500.689
J8UG1R	2005	19	n	247281	77	kokker	TRUE	2089	974912.689	-250500.689
J8UG1R	2005	19	n	247281	78	bálen	FALSE	3148	974912.689	-250500.689
J8UG1R	2005	19	n	247281	79	ojett	FALSE	2871	974912.689	-250500.689
J8UG1R	2005	19	n	247281	80	trumlex	FALSE	3101	974912.689	-250500.689
J8UG1R	2005	19	n	247281	81	voglens	FALSE	3236	974912.689	-250500.689
J8UG1R	2005	19	n	247281	82	suter	TRUE	4728	974912.689	-250500.689
J8UG1R	2005	19	n	247281	83	vódett	FALSE	3667	974912.689	-250500.689
J8UG1R	2005	19	n	247281	84	takkesz	FALSE	4207	974912.689	-250500.689
J8UG1R	2005	19	n	247281	85	bralek	TRUE	2726	974912.689	-250500.689
J8UG1R	2005	19	n	247281	86	próngem	FALSE	1915	974912.689	-250500.689
J8UG1R	2005	19	n	247281	87	mojem	FALSE	2474	974912.689	-250500.689
J8UG1R	2005	19	n	247281	88	gortesz	TRUE	2900	974912.689	-250500.689
J8UG1R	2005	19	n	247281	89	kacsek	TRUE	2105	974912.689	-250500.689
J8UG1R	2005	19	n	247281	90	pofszett	FALSE	3006	974912.689	-250500.689
J8UG1R	2005	19	n	247281	91	bachesz	FALSE	1935	974912.689	-250500.689
J8UG1R	2005	19	n	247281	92	pratec	FALSE	2771	974912.689	-250500.689
J8UG1R	2005	19	n	247281	93	bondett	TRUE	2465	974912.689	-250500.689
J8UG1R	2005	19	n	247281	94	slotens	FALSE	1927	974912.689	-250500.689
J8UG1R	2005	19	n	247281	95	bralek	TRUE	2705	974912.689	-250500.689
J8UG1R	2005	19	n	247281	96	laben	FALSE	2375	974912.689	-250500.689
J8UG1R	2005	19	n	247281	97	dubex	TRUE	2740	974912.689	-250500.689
J8UG1R	2005	19	n	247281	98	dubex	TRUE	2197	974912.689	-250500.689
J8UG1R	2005	19	n	247281	99	kajler	TRUE	2408	974912.689	-250500.689
J8UG1R	2005	19	n	247281	100	baktec	FALSE	1900	974912.689	-250500.689
JPO85Z	2002	22	Férfi	121122	1	bórcer	FALSE	2886	974912.689	-250500.689
JPO85Z	2002	22	Férfi	121122	2	kajler	FALSE	2844	974912.689	-250500.689
JPO85Z	2002	22	Férfi	121122	3	bojex	FALSE	1997	974912.689	-250500.689
JPO85Z	2002	22	Férfi	121122	4	slotens	FALSE	1335	974912.689	-250500.689
JPO85Z	2002	22	Férfi	121122	5	pofszett	FALSE	1342	974912.689	-250500.689
JPO85Z	2002	22	Férfi	121122	6	rojett	FALSE	938	974912.689	-250500.689
JPO85Z	2002	22	Férfi	121122	7	pratec	FALSE	1042	974912.689	-250500.689
JPO85Z	2002	22	Férfi	121122	8	sudel	FALSE	1511	974912.689	-250500.689
JPO85Z	2002	22	Férfi	121122	9	gortesz	TRUE	1982	974912.689	-250500.689
JPO85Z	2002	22	Férfi	121122	10	stokler	FALSE	1288	974912.689	-250500.689
JPO85Z	2002	22	Férfi	121122	11	kamesz	FALSE	2501	974912.689	-250500.689
JPO85Z	2002	22	Férfi	121122	12	trumlex	FALSE	1364	974912.689	-250500.689
JPO85Z	2002	22	Férfi	121122	13	pámen	FALSE	1266	974912.689	-250500.689
JPO85Z	2002	22	Férfi	121122	14	flotek	FALSE	1852	974912.689	-250500.689
JPO85Z	2002	22	Férfi	121122	15	próngem	FALSE	3450	974912.689	-250500.689
JPO85Z	2002	22	Férfi	121122	16	plosztem	FALSE	1025	974912.689	-250500.689
JPO85Z	2002	22	Férfi	121122	17	kamesz	TRUE	2684	974912.689	-250500.689
JPO85Z	2002	22	Férfi	121122	18	saklek	FALSE	2172	974912.689	-250500.689
JPO85Z	2002	22	Férfi	121122	19	ojett	FALSE	1029	974912.689	-250500.689
JPO85Z	2002	22	Férfi	121122	20	forrel	FALSE	1250	974912.689	-250500.689
JPO85Z	2002	22	Férfi	121122	21	bondett	FALSE	1287	974912.689	-250500.689
JPO85Z	2002	22	Férfi	121122	22	takkesz	FALSE	1263	974912.689	-250500.689
JPO85Z	2002	22	Férfi	121122	23	ojett	FALSE	2175	974912.689	-250500.689
JPO85Z	2002	22	Férfi	121122	24	loftvens	FALSE	1720	974912.689	-250500.689
JPO85Z	2002	22	Férfi	121122	25	bórcer	FALSE	1459	974912.689	-250500.689
JPO85Z	2002	22	Férfi	121122	26	szkatyec	FALSE	958	974912.689	-250500.689
JPO85Z	2002	22	Férfi	121122	27	hodel	FALSE	1218	974912.689	-250500.689
JPO85Z	2002	22	Férfi	121122	28	pódens	FALSE	1709	974912.689	-250500.689
JPO85Z	2002	22	Férfi	121122	29	slotens	FALSE	1253	974912.689	-250500.689
JPO85Z	2002	22	Férfi	121122	30	hókens	FALSE	1363	974912.689	-250500.689
JPO85Z	2002	22	Férfi	121122	31	voglens	FALSE	1483	974912.689	-250500.689
JPO85Z	2002	22	Férfi	121122	32	suter	FALSE	1656	974912.689	-250500.689
JPO85Z	2002	22	Férfi	121122	33	dubex	FALSE	1003	974912.689	-250500.689
JPO85Z	2002	22	Férfi	121122	34	mojem	FALSE	935	974912.689	-250500.689
JPO85Z	2002	22	Férfi	121122	35	kampesz	TRUE	3174	974912.689	-250500.689
JPO85Z	2002	22	Férfi	121122	36	pámen	FALSE	1054	974912.689	-250500.689
JPO85Z	2002	22	Férfi	121122	37	kokker	TRUE	2784	974912.689	-250500.689
JPO85Z	2002	22	Férfi	121122	38	bachesz	FALSE	908	974912.689	-250500.689
JPO85Z	2002	22	Férfi	121122	39	sapec	FALSE	1585	974912.689	-250500.689
JPO85Z	2002	22	Férfi	121122	40	gortesz	TRUE	2106	974912.689	-250500.689
JPO85Z	2002	22	Férfi	121122	41	bralek	FALSE	904	974912.689	-250500.689
JPO85Z	2002	22	Férfi	121122	42	loftvens	FALSE	1041	974912.689	-250500.689
JPO85Z	2002	22	Férfi	121122	43	laben	FALSE	709	974912.689	-250500.689
JPO85Z	2002	22	Férfi	121122	44	vódett	FALSE	853	974912.689	-250500.689
JPO85Z	2002	22	Férfi	121122	45	próngem	FALSE	780	974912.689	-250500.689
JPO85Z	2002	22	Férfi	121122	46	szkatyec	FALSE	700	974912.689	-250500.689
JPO85Z	2002	22	Férfi	121122	47	laben	FALSE	631	974912.689	-250500.689
JPO85Z	2002	22	Férfi	121122	48	tosztem	FALSE	610	974912.689	-250500.689
JPO85Z	2002	22	Férfi	121122	49	flotek	FALSE	684	974912.689	-250500.689
JPO85Z	2002	22	Férfi	121122	50	trumlex	FALSE	679	974912.689	-250500.689
JPO85Z	2002	22	Férfi	121122	51	tokex	FALSE	1203	974912.689	-250500.689
JPO85Z	2002	22	Férfi	121122	52	pofszett	FALSE	891	974912.689	-250500.689
JPO85Z	2002	22	Férfi	121122	53	kranel	FALSE	543	974912.689	-250500.689
JPO85Z	2002	22	Férfi	121122	54	moplec	FALSE	544	974912.689	-250500.689
JPO85Z	2002	22	Férfi	121122	55	hodel	FALSE	643	974912.689	-250500.689
JPO85Z	2002	22	Férfi	121122	56	pódens	FALSE	1039	974912.689	-250500.689
JPO85Z	2002	22	Férfi	121122	57	bálen	FALSE	564	974912.689	-250500.689
JPO85Z	2002	22	Férfi	121122	58	plosztem	FALSE	648	974912.689	-250500.689
JPO85Z	2002	22	Férfi	121122	59	kacsek	FALSE	1292	974912.689	-250500.689
JPO85Z	2002	22	Férfi	121122	60	sudel	FALSE	707	974912.689	-250500.689
JPO85Z	2002	22	Férfi	121122	61	rojett	FALSE	750	974912.689	-250500.689
JPO85Z	2002	22	Férfi	121122	62	bondett	FALSE	791	974912.689	-250500.689
JPO85Z	2002	22	Férfi	121122	63	saklek	FALSE	870	974912.689	-250500.689
JPO85Z	2002	22	Férfi	121122	64	takkesz	FALSE	685	974912.689	-250500.689
JPO85Z	2002	22	Férfi	121122	65	pratec	FALSE	734	974912.689	-250500.689
JPO85Z	2002	22	Férfi	121122	66	vódett	FALSE	769	974912.689	-250500.689
JPO85Z	2002	22	Férfi	121122	67	kumek	FALSE	793	974912.689	-250500.689
JPO85Z	2002	22	Férfi	121122	68	hókens	FALSE	1070	974912.689	-250500.689
JPO85Z	2002	22	Férfi	121122	69	kajler	FALSE	609	974912.689	-250500.689
JPO85Z	2002	22	Férfi	121122	70	mojem	FALSE	528	974912.689	-250500.689
JPO85Z	2002	22	Férfi	121122	71	kacsek	TRUE	2722	974912.689	-250500.689
JPO85Z	2002	22	Férfi	121122	72	sapec	FALSE	671	974912.689	-250500.689
JPO85Z	2002	22	Férfi	121122	73	szláken	FALSE	915	974912.689	-250500.689
JPO85Z	2002	22	Férfi	121122	74	kumek	FALSE	1000	974912.689	-250500.689
JPO85Z	2002	22	Férfi	121122	75	kojex	FALSE	750	974912.689	-250500.689
JPO85Z	2002	22	Férfi	121122	76	szláken	FALSE	775	974912.689	-250500.689
JPO85Z	2002	22	Férfi	121122	77	kranel	FALSE	1463	974912.689	-250500.689
JPO85Z	2002	22	Férfi	121122	78	hacel	FALSE	534	974912.689	-250500.689
JPO85Z	2002	22	Férfi	121122	79	bálen	FALSE	633	974912.689	-250500.689
JPO85Z	2002	22	Férfi	121122	80	kokker	TRUE	1396	974912.689	-250500.689
JPO85Z	2002	22	Férfi	121122	81	bralek	FALSE	1292	974912.689	-250500.689
JPO85Z	2002	22	Férfi	121122	82	bojex	FALSE	1257	974912.689	-250500.689
JPO85Z	2002	22	Férfi	121122	83	ubrem	FALSE	800	974912.689	-250500.689
JPO85Z	2002	22	Férfi	121122	84	moplec	FALSE	989	974912.689	-250500.689
JPO85Z	2002	22	Férfi	121122	85	daken	FALSE	571	974912.689	-250500.689
JPO85Z	2002	22	Férfi	121122	86	kampesz	TRUE	3278	974912.689	-250500.689
JPO85Z	2002	22	Férfi	121122	87	baktec	FALSE	513	974912.689	-250500.689
JPO85Z	2002	22	Férfi	121122	88	daken	FALSE	1094	974912.689	-250500.689
JPO85Z	2002	22	Férfi	121122	89	tosztem	FALSE	2856	974912.689	-250500.689
JPO85Z	2002	22	Férfi	121122	90	hacel	FALSE	591	974912.689	-250500.689
JPO85Z	2002	22	Férfi	121122	91	bachesz	FALSE	580	974912.689	-250500.689
JPO85Z	2002	22	Férfi	121122	92	stokler	FALSE	827	974912.689	-250500.689
JPO85Z	2002	22	Férfi	121122	93	baktec	FALSE	578	974912.689	-250500.689
JPO85Z	2002	22	Férfi	121122	94	forrel	FALSE	719	974912.689	-250500.689
JPO85Z	2002	22	Férfi	121122	95	kojex	FALSE	559	974912.689	-250500.689
JPO85Z	2002	22	Férfi	121122	96	suter	FALSE	765	974912.689	-250500.689
JPO85Z	2002	22	Férfi	121122	97	voglens	FALSE	561	974912.689	-250500.689
JPO85Z	2002	22	Férfi	121122	98	dubex	FALSE	778	974912.689	-250500.689
JPO85Z	2002	22	Férfi	121122	99	ubrem	FALSE	765	974912.689	-250500.689
JPO85Z	2002	22	Férfi	121122	100	tokex	FALSE	775	974912.689	-250500.689
B4NKWJ	2005	19	N	210438	1	dubex	TRUE	4447	974912.689	-250500.689
B4NKWJ	2005	19	N	210438	2	moplec	TRUE	5526	974912.689	-250500.689
B4NKWJ	2005	19	N	210438	3	saklek	TRUE	3853	974912.689	-250500.689
B4NKWJ	2005	19	N	210438	4	kampesz	TRUE	2037	974912.689	-250500.689
B4NKWJ	2005	19	N	210438	5	mojem	FALSE	1868	974912.689	-250500.689
B4NKWJ	2005	19	N	210438	6	kranel	TRUE	5208	974912.689	-250500.689
B4NKWJ	2005	19	N	210438	7	kajler	FALSE	6693	974912.689	-250500.689
B4NKWJ	2005	19	N	210438	8	forrel	FALSE	3415	974912.689	-250500.689
B4NKWJ	2005	19	N	210438	9	stokler	FALSE	5135	974912.689	-250500.689
B4NKWJ	2005	19	N	210438	10	trumlex	FALSE	5042	974912.689	-250500.689
B4NKWJ	2005	19	N	210438	11	tokex	FALSE	4301	974912.689	-250500.689
B4NKWJ	2005	19	N	210438	12	suter	TRUE	1553	974912.689	-250500.689
B4NKWJ	2005	19	N	210438	13	kampesz	FALSE	2081	974912.689	-250500.689
B4NKWJ	2005	19	N	210438	14	szláken	TRUE	2751	974912.689	-250500.689
B4NKWJ	2005	19	N	210438	15	hacel	FALSE	3230	974912.689	-250500.689
B4NKWJ	2005	19	N	210438	16	szkatyec	TRUE	3201	974912.689	-250500.689
B4NKWJ	2005	19	N	210438	17	pofszett	FALSE	5107	974912.689	-250500.689
B4NKWJ	2005	19	N	210438	18	daken	FALSE	3087	974912.689	-250500.689
B4NKWJ	2005	19	N	210438	19	hókens	TRUE	1803	974912.689	-250500.689
B4NKWJ	2005	19	N	210438	20	kacsek	TRUE	4629	974912.689	-250500.689
B4NKWJ	2005	19	N	210438	21	saklek	FALSE	2265	974912.689	-250500.689
B4NKWJ	2005	19	N	210438	22	próngem	TRUE	1393	974912.689	-250500.689
B4NKWJ	2005	19	N	210438	23	kacsek	TRUE	1817	974912.689	-250500.689
B4NKWJ	2005	19	N	210438	24	pratec	FALSE	1950	974912.689	-250500.689
B4NKWJ	2005	19	N	210438	25	bojex	FALSE	1444	974912.689	-250500.689
B4NKWJ	2005	19	N	210438	26	moplec	TRUE	1583	974912.689	-250500.689
B4NKWJ	2005	19	N	210438	27	loftvens	TRUE	1280	974912.689	-250500.689
B4NKWJ	2005	19	N	210438	28	kokker	TRUE	1691	974912.689	-250500.689
B4NKWJ	2005	19	N	210438	29	ojett	FALSE	2884	974912.689	-250500.689
B4NKWJ	2005	19	N	210438	30	szláken	FALSE	3044	974912.689	-250500.689
B4NKWJ	2005	19	N	210438	31	kojex	FALSE	926	974912.689	-250500.689
B4NKWJ	2005	19	N	210438	32	takkesz	TRUE	2557	974912.689	-250500.689
B4NKWJ	2005	19	N	210438	33	vódett	FALSE	1585	974912.689	-250500.689
B4NKWJ	2005	19	N	210438	34	tokex	FALSE	694	974912.689	-250500.689
B4NKWJ	2005	19	N	210438	35	bálen	TRUE	1973	974912.689	-250500.689
B4NKWJ	2005	19	N	210438	36	kumek	FALSE	2511	974912.689	-250500.689
B4NKWJ	2005	19	N	210438	37	gortesz	FALSE	13482	974912.689	-250500.689
B4NKWJ	2005	19	N	210438	38	laben	TRUE	2308	974912.689	-250500.689
B4NKWJ	2005	19	N	210438	39	stokler	TRUE	856	974912.689	-250500.689
B4NKWJ	2005	19	N	210438	40	daken	FALSE	777	974912.689	-250500.689
B4NKWJ	2005	19	N	210438	41	bondett	FALSE	1210	974912.689	-250500.689
B4NKWJ	2005	19	N	210438	42	kokker	FALSE	869	974912.689	-250500.689
B4NKWJ	2005	19	N	210438	43	loftvens	TRUE	1206	974912.689	-250500.689
B4NKWJ	2005	19	N	210438	44	pofszett	FALSE	2828	974912.689	-250500.689
B4NKWJ	2005	19	N	210438	45	bórcer	TRUE	2213	974912.689	-250500.689
B4NKWJ	2005	19	N	210438	46	tosztem	FALSE	1519	974912.689	-250500.689
B4NKWJ	2005	19	N	210438	47	sapec	TRUE	3515	974912.689	-250500.689
B4NKWJ	2005	19	N	210438	48	flotek	TRUE	1032	974912.689	-250500.689
B4NKWJ	2005	19	N	210438	49	voglens	FALSE	1433	974912.689	-250500.689
B4NKWJ	2005	19	N	210438	50	bralek	TRUE	1829	974912.689	-250500.689
B4NKWJ	2005	19	N	210438	51	kojex	FALSE	1825	974912.689	-250500.689
B4NKWJ	2005	19	N	210438	52	plosztem	TRUE	5426	974912.689	-250500.689
B4NKWJ	2005	19	N	210438	53	ojett	FALSE	1096	974912.689	-250500.689
B4NKWJ	2005	19	N	210438	54	ubrem	TRUE	1336	974912.689	-250500.689
B4NKWJ	2005	19	N	210438	55	rojett	TRUE	2002	974912.689	-250500.689
B4NKWJ	2005	19	N	210438	56	laben	TRUE	1970	974912.689	-250500.689
B4NKWJ	2005	19	N	210438	57	takkesz	TRUE	1458	974912.689	-250500.689
B4NKWJ	2005	19	N	210438	58	slotens	FALSE	621	974912.689	-250500.689
B4NKWJ	2005	19	N	210438	59	pratec	FALSE	599	974912.689	-250500.689
B4NKWJ	2005	19	N	210438	60	kamesz	TRUE	856	974912.689	-250500.689
B4NKWJ	2005	19	N	210438	61	baktec	TRUE	4673	974912.689	-250500.689
B4NKWJ	2005	19	N	210438	62	bórcer	FALSE	1592	974912.689	-250500.689
B4NKWJ	2005	19	N	210438	63	tosztem	TRUE	2571	974912.689	-250500.689
B4NKWJ	2005	19	N	210438	64	bachesz	TRUE	2853	974912.689	-250500.689
B4NKWJ	2005	19	N	210438	65	hókens	TRUE	1419	974912.689	-250500.689
B4NKWJ	2005	19	N	210438	66	dubex	TRUE	879	974912.689	-250500.689
B4NKWJ	2005	19	N	210438	67	vódett	FALSE	1905	974912.689	-250500.689
B4NKWJ	2005	19	N	210438	68	bralek	TRUE	1461	974912.689	-250500.689
B4NKWJ	2005	19	N	210438	69	voglens	TRUE	2775	974912.689	-250500.689
B4NKWJ	2005	19	N	210438	70	rojett	FALSE	1528	974912.689	-250500.689
B4NKWJ	2005	19	N	210438	71	pódens	TRUE	3334	974912.689	-250500.689
B4NKWJ	2005	19	N	210438	72	forrel	FALSE	1009	974912.689	-250500.689
B4NKWJ	2005	19	N	210438	73	bálen	TRUE	1221	974912.689	-250500.689
B4NKWJ	2005	19	N	210438	74	hodel	TRUE	1516	974912.689	-250500.689
B4NKWJ	2005	19	N	210438	75	kranel	TRUE	1436	974912.689	-250500.689
B4NKWJ	2005	19	N	210438	76	próngem	FALSE	367	974912.689	-250500.689
B4NKWJ	2005	19	N	210438	77	baktec	TRUE	1014	974912.689	-250500.689
B4NKWJ	2005	19	N	210438	78	hodel	TRUE	1017	974912.689	-250500.689
B4NKWJ	2005	19	N	210438	79	pódens	TRUE	994	974912.689	-250500.689
B4NKWJ	2005	19	N	210438	80	kumek	FALSE	448	974912.689	-250500.689
B4NKWJ	2005	19	N	210438	81	pámen	TRUE	1078	974912.689	-250500.689
B4NKWJ	2005	19	N	210438	82	sudel	FALSE	843	974912.689	-250500.689
B4NKWJ	2005	19	N	210438	83	bachesz	TRUE	1874	974912.689	-250500.689
B4NKWJ	2005	19	N	210438	84	sapec	TRUE	1107	974912.689	-250500.689
B4NKWJ	2005	19	N	210438	85	kajler	TRUE	812	974912.689	-250500.689
B4NKWJ	2005	19	N	210438	86	trumlex	TRUE	388	974912.689	-250500.689
B4NKWJ	2005	19	N	210438	87	kamesz	FALSE	895	974912.689	-250500.689
B4NKWJ	2005	19	N	210438	88	ubrem	FALSE	528	974912.689	-250500.689
B4NKWJ	2005	19	N	210438	89	sudel	TRUE	562	974912.689	-250500.689
B4NKWJ	2005	19	N	210438	90	bojex	FALSE	592	974912.689	-250500.689
B4NKWJ	2005	19	N	210438	91	plosztem	TRUE	826	974912.689	-250500.689
B4NKWJ	2005	19	N	210438	92	szkatyec	TRUE	1449	974912.689	-250500.689
B4NKWJ	2005	19	N	210438	93	flotek	TRUE	844	974912.689	-250500.689
B4NKWJ	2005	19	N	210438	94	pámen	FALSE	856	974912.689	-250500.689
B4NKWJ	2005	19	N	210438	95	gortesz	TRUE	1007	974912.689	-250500.689
B4NKWJ	2005	19	N	210438	96	mojem	FALSE	1249	974912.689	-250500.689
B4NKWJ	2005	19	N	210438	97	bondett	TRUE	1182	974912.689	-250500.689
B4NKWJ	2005	19	N	210438	98	slotens	TRUE	1114	974912.689	-250500.689
B4NKWJ	2005	19	N	210438	99	suter	TRUE	1164	974912.689	-250500.689
B4NKWJ	2005	19	N	210438	100	hacel	TRUE	1226	974912.689	-250500.689
NF09XB	2005	19	n	758712	1	szkatyec	TRUE	4087	974912.689	-250500.689
NF09XB	2005	19	n	758712	2	sudel	FALSE	8613	974912.689	-250500.689
NF09XB	2005	19	n	758712	3	hodel	FALSE	6456	974912.689	-250500.689
NF09XB	2005	19	n	758712	4	bálen	FALSE	31995	974912.689	-250500.689
NF09XB	2005	19	n	758712	5	bondett	FALSE	4541	974912.689	-250500.689
NF09XB	2005	19	n	758712	6	plosztem	TRUE	3920	974912.689	-250500.689
NF09XB	2005	19	n	758712	7	vódett	FALSE	4525	974912.689	-250500.689
NF09XB	2005	19	n	758712	8	moplec	TRUE	2079	974912.689	-250500.689
NF09XB	2005	19	n	758712	9	ojett	FALSE	3476	974912.689	-250500.689
NF09XB	2005	19	n	758712	10	hodel	TRUE	11468	974912.689	-250500.689
NF09XB	2005	19	n	758712	11	kojex	FALSE	31753	974912.689	-250500.689
NF09XB	2005	19	n	758712	12	kampesz	TRUE	2377	974912.689	-250500.689
NF09XB	2005	19	n	758712	13	daken	TRUE	2778	974912.689	-250500.689
NF09XB	2005	19	n	758712	14	forrel	FALSE	7021	974912.689	-250500.689
NF09XB	2005	19	n	758712	15	bralek	TRUE	3399	974912.689	-250500.689
NF09XB	2005	19	n	758712	16	slotens	FALSE	4376	974912.689	-250500.689
NF09XB	2005	19	n	758712	17	kamesz	TRUE	2131	974912.689	-250500.689
NF09XB	2005	19	n	758712	18	mojem	FALSE	7906	974912.689	-250500.689
NF09XB	2005	19	n	758712	19	bórcer	TRUE	3175	974912.689	-250500.689
NF09XB	2005	19	n	758712	20	tokex	TRUE	3493	974912.689	-250500.689
NF09XB	2005	19	n	758712	21	kacsek	TRUE	2950	974912.689	-250500.689
NF09XB	2005	19	n	758712	22	bálen	FALSE	4844	974912.689	-250500.689
NF09XB	2005	19	n	758712	23	szláken	FALSE	1775	974912.689	-250500.689
NF09XB	2005	19	n	758712	24	plosztem	TRUE	1875	974912.689	-250500.689
NF09XB	2005	19	n	758712	25	kumek	TRUE	1394	974912.689	-250500.689
NF09XB	2005	19	n	758712	26	kokker	TRUE	1855	974912.689	-250500.689
NF09XB	2005	19	n	758712	27	takkesz	TRUE	2142	974912.689	-250500.689
NF09XB	2005	19	n	758712	28	bojex	TRUE	4424	974912.689	-250500.689
NF09XB	2005	19	n	758712	29	kajler	TRUE	1943	974912.689	-250500.689
NF09XB	2005	19	n	758712	30	pofszett	FALSE	1668	974912.689	-250500.689
NF09XB	2005	19	n	758712	31	laben	FALSE	5413	974912.689	-250500.689
NF09XB	2005	19	n	758712	32	kamesz	TRUE	7271	974912.689	-250500.689
NF09XB	2005	19	n	758712	33	pofszett	FALSE	2722	974912.689	-250500.689
NF09XB	2005	19	n	758712	34	voglens	FALSE	2882	974912.689	-250500.689
NF09XB	2005	19	n	758712	35	kumek	TRUE	1449	974912.689	-250500.689
NF09XB	2005	19	n	758712	36	saklek	TRUE	2748	974912.689	-250500.689
NF09XB	2005	19	n	758712	37	voglens	FALSE	5406	974912.689	-250500.689
NF09XB	2005	19	n	758712	38	forrel	FALSE	2870	974912.689	-250500.689
NF09XB	2005	19	n	758712	39	dubex	TRUE	1132	974912.689	-250500.689
NF09XB	2005	19	n	758712	40	pódens	TRUE	1736	974912.689	-250500.689
NF09XB	2005	19	n	758712	41	tosztem	TRUE	1420	974912.689	-250500.689
NF09XB	2005	19	n	758712	42	saklek	TRUE	2813	974912.689	-250500.689
NF09XB	2005	19	n	758712	43	hacel	TRUE	1597	974912.689	-250500.689
NF09XB	2005	19	n	758712	44	szláken	FALSE	1657	974912.689	-250500.689
NF09XB	2005	19	n	758712	45	flotek	TRUE	1893	974912.689	-250500.689
NF09XB	2005	19	n	758712	46	pratec	TRUE	4183	974912.689	-250500.689
NF09XB	2005	19	n	758712	47	rojett	FALSE	4049	974912.689	-250500.689
NF09XB	2005	19	n	758712	48	bojex	TRUE	3719	974912.689	-250500.689
NF09XB	2005	19	n	758712	49	laben	TRUE	1309	974912.689	-250500.689
NF09XB	2005	19	n	758712	50	slotens	FALSE	1710	974912.689	-250500.689
NF09XB	2005	19	n	758712	51	moplec	FALSE	2337	974912.689	-250500.689
NF09XB	2005	19	n	758712	52	suter	TRUE	1535	974912.689	-250500.689
NF09XB	2005	19	n	758712	53	kranel	FALSE	2082	974912.689	-250500.689
NF09XB	2005	19	n	758712	54	rojett	FALSE	3572	974912.689	-250500.689
NF09XB	2005	19	n	758712	55	bachesz	FALSE	32114	974912.689	-250500.689
NF09XB	2005	19	n	758712	56	loftvens	FALSE	10108	974912.689	-250500.689
NF09XB	2005	19	n	758712	57	sapec	TRUE	1518	974912.689	-250500.689
NF09XB	2005	19	n	758712	58	bondett	TRUE	1972	974912.689	-250500.689
NF09XB	2005	19	n	758712	59	sudel	FALSE	3148	974912.689	-250500.689
NF09XB	2005	19	n	758712	60	pámen	TRUE	1576	974912.689	-250500.689
NF09XB	2005	19	n	758712	61	trumlex	FALSE	3599	974912.689	-250500.689
NF09XB	2005	19	n	758712	62	bachesz	FALSE	1834	974912.689	-250500.689
NF09XB	2005	19	n	758712	63	sapec	FALSE	5888	974912.689	-250500.689
NF09XB	2005	19	n	758712	64	baktec	FALSE	4448	974912.689	-250500.689
NF09XB	2005	19	n	758712	65	gortesz	FALSE	2826	974912.689	-250500.689
NF09XB	2005	19	n	758712	66	stokler	FALSE	1834	974912.689	-250500.689
NF09XB	2005	19	n	758712	67	pratec	FALSE	6567	974912.689	-250500.689
NF09XB	2005	19	n	758712	68	pódens	TRUE	1555	974912.689	-250500.689
NF09XB	2005	19	n	758712	69	baktec	TRUE	2686	974912.689	-250500.689
NF09XB	2005	19	n	758712	70	kojex	TRUE	1537	974912.689	-250500.689
NF09XB	2005	19	n	758712	71	daken	TRUE	3717	974912.689	-250500.689
NF09XB	2005	19	n	758712	72	próngem	FALSE	16891	974912.689	-250500.689
NF09XB	2005	19	n	758712	73	kranel	FALSE	6165	974912.689	-250500.689
NF09XB	2005	19	n	758712	74	hókens	TRUE	2470	974912.689	-250500.689
NF09XB	2005	19	n	758712	75	tokex	TRUE	3182	974912.689	-250500.689
NF09XB	2005	19	n	758712	76	trumlex	TRUE	1322	974912.689	-250500.689
NF09XB	2005	19	n	758712	77	bralek	TRUE	1264	974912.689	-250500.689
NF09XB	2005	19	n	758712	78	kokker	TRUE	159851	974912.689	-250500.689
NF09XB	2005	19	n	758712	79	tosztem	FALSE	3760	974912.689	-250500.689
NF09XB	2005	19	n	758712	80	loftvens	FALSE	6959	974912.689	-250500.689
NF09XB	2005	19	n	758712	81	takkesz	TRUE	1295	974912.689	-250500.689
NF09XB	2005	19	n	758712	82	ubrem	TRUE	5409	974912.689	-250500.689
NF09XB	2005	19	n	758712	83	flotek	TRUE	1175	974912.689	-250500.689
NF09XB	2005	19	n	758712	84	vódett	FALSE	3571	974912.689	-250500.689
NF09XB	2005	19	n	758712	85	stokler	FALSE	1903	974912.689	-250500.689
NF09XB	2005	19	n	758712	86	kajler	TRUE	1316	974912.689	-250500.689
NF09XB	2005	19	n	758712	87	gortesz	FALSE	2672	974912.689	-250500.689
NF09XB	2005	19	n	758712	88	hacel	TRUE	1053	974912.689	-250500.689
NF09XB	2005	19	n	758712	89	szkatyec	TRUE	1602	974912.689	-250500.689
NF09XB	2005	19	n	758712	90	pámen	TRUE	3862	974912.689	-250500.689
NF09XB	2005	19	n	758712	91	dubex	FALSE	6313	974912.689	-250500.689
NF09XB	2005	19	n	758712	92	bórcer	FALSE	176481	974912.689	-250500.689
NF09XB	2005	19	n	758712	93	kacsek	TRUE	3267	974912.689	-250500.689
NF09XB	2005	19	n	758712	94	ubrem	FALSE	2472	974912.689	-250500.689
NF09XB	2005	19	n	758712	95	suter	TRUE	1342	974912.689	-250500.689
NF09XB	2005	19	n	758712	96	ojett	FALSE	1313	974912.689	-250500.689
NF09XB	2005	19	n	758712	97	mojem	FALSE	3803	974912.689	-250500.689
NF09XB	2005	19	n	758712	98	próngem	FALSE	1784	974912.689	-250500.689
NF09XB	2005	19	n	758712	99	hókens	TRUE	2876	974912.689	-250500.689
NF09XB	2005	19	n	758712	100	kampesz	FALSE	4468	974912.689	-250500.689
UMIZ4M	2003	21	f	224451	1	kumek	FALSE	3176	974912.689	-250500.689
UMIZ4M	2003	21	f	224451	2	loftvens	FALSE	5060	974912.689	-250500.689
UMIZ4M	2003	21	f	224451	3	szláken	TRUE	4112	974912.689	-250500.689
UMIZ4M	2003	21	f	224451	4	saklek	FALSE	7393	974912.689	-250500.689
UMIZ4M	2003	21	f	224451	5	tosztem	FALSE	2926	974912.689	-250500.689
UMIZ4M	2003	21	f	224451	6	forrel	TRUE	2956	974912.689	-250500.689
UMIZ4M	2003	21	f	224451	7	flotek	TRUE	2663	974912.689	-250500.689
UMIZ4M	2003	21	f	224451	8	kamesz	FALSE	2932	974912.689	-250500.689
UMIZ4M	2003	21	f	224451	9	dubex	TRUE	3335	974912.689	-250500.689
UMIZ4M	2003	21	f	224451	10	voglens	FALSE	3298	974912.689	-250500.689
UMIZ4M	2003	21	f	224451	11	kokker	TRUE	2610	974912.689	-250500.689
UMIZ4M	2003	21	f	224451	12	hókens	FALSE	2514	974912.689	-250500.689
UMIZ4M	2003	21	f	224451	13	plosztem	FALSE	2802	974912.689	-250500.689
UMIZ4M	2003	21	f	224451	14	ubrem	FALSE	4583	974912.689	-250500.689
UMIZ4M	2003	21	f	224451	15	sudel	TRUE	2127	974912.689	-250500.689
UMIZ4M	2003	21	f	224451	16	plosztem	FALSE	2491	974912.689	-250500.689
UMIZ4M	2003	21	f	224451	17	próngem	TRUE	4014	974912.689	-250500.689
UMIZ4M	2003	21	f	224451	18	bojex	FALSE	2172	974912.689	-250500.689
UMIZ4M	2003	21	f	224451	19	forrel	TRUE	2172	974912.689	-250500.689
UMIZ4M	2003	21	f	224451	20	próngem	TRUE	2857	974912.689	-250500.689
UMIZ4M	2003	21	f	224451	21	szkatyec	TRUE	3279	974912.689	-250500.689
UMIZ4M	2003	21	f	224451	22	bachesz	TRUE	2835	974912.689	-250500.689
UMIZ4M	2003	21	f	224451	23	ubrem	FALSE	2261	974912.689	-250500.689
UMIZ4M	2003	21	f	224451	24	loftvens	TRUE	2704	974912.689	-250500.689
UMIZ4M	2003	21	f	224451	25	suter	TRUE	3131	974912.689	-250500.689
UMIZ4M	2003	21	f	224451	26	hodel	TRUE	5445	974912.689	-250500.689
UMIZ4M	2003	21	f	224451	27	kojex	TRUE	2003	974912.689	-250500.689
UMIZ4M	2003	21	f	224451	28	slotens	FALSE	2035	974912.689	-250500.689
UMIZ4M	2003	21	f	224451	29	pratec	TRUE	2129	974912.689	-250500.689
UMIZ4M	2003	21	f	224451	30	bálen	FALSE	2114	974912.689	-250500.689
UMIZ4M	2003	21	f	224451	31	pofszett	TRUE	3538	974912.689	-250500.689
UMIZ4M	2003	21	f	224451	32	bralek	TRUE	3035	974912.689	-250500.689
UMIZ4M	2003	21	f	224451	33	bálen	FALSE	1892	974912.689	-250500.689
UMIZ4M	2003	21	f	224451	34	tokex	TRUE	2691	974912.689	-250500.689
UMIZ4M	2003	21	f	224451	35	kampesz	FALSE	2455	974912.689	-250500.689
UMIZ4M	2003	21	f	224451	36	hókens	FALSE	1980	974912.689	-250500.689
UMIZ4M	2003	21	f	224451	37	trumlex	FALSE	1198	974912.689	-250500.689
UMIZ4M	2003	21	f	224451	38	suter	TRUE	1746	974912.689	-250500.689
UMIZ4M	2003	21	f	224451	39	szkatyec	FALSE	1583	974912.689	-250500.689
UMIZ4M	2003	21	f	224451	40	kampesz	TRUE	4596	974912.689	-250500.689
UMIZ4M	2003	21	f	224451	41	flotek	FALSE	2268	974912.689	-250500.689
UMIZ4M	2003	21	f	224451	42	vódett	FALSE	2755	974912.689	-250500.689
UMIZ4M	2003	21	f	224451	43	tosztem	FALSE	1674	974912.689	-250500.689
UMIZ4M	2003	21	f	224451	44	saklek	FALSE	1817	974912.689	-250500.689
UMIZ4M	2003	21	f	224451	45	bondett	TRUE	1399	974912.689	-250500.689
UMIZ4M	2003	21	f	224451	46	kajler	FALSE	1758	974912.689	-250500.689
UMIZ4M	2003	21	f	224451	47	kajler	FALSE	1463	974912.689	-250500.689
UMIZ4M	2003	21	f	224451	48	kumek	TRUE	1191	974912.689	-250500.689
UMIZ4M	2003	21	f	224451	49	pódens	FALSE	1344	974912.689	-250500.689
UMIZ4M	2003	21	f	224451	50	kojex	FALSE	1571	974912.689	-250500.689
UMIZ4M	2003	21	f	224451	51	gortesz	TRUE	1973	974912.689	-250500.689
UMIZ4M	2003	21	f	224451	52	kamesz	FALSE	1022	974912.689	-250500.689
UMIZ4M	2003	21	f	224451	53	kranel	TRUE	2270	974912.689	-250500.689
UMIZ4M	2003	21	f	224451	54	kacsek	TRUE	1837	974912.689	-250500.689
UMIZ4M	2003	21	f	224451	55	mojem	FALSE	2583	974912.689	-250500.689
UMIZ4M	2003	21	f	224451	56	dubex	FALSE	1657	974912.689	-250500.689
UMIZ4M	2003	21	f	224451	57	bachesz	FALSE	1779	974912.689	-250500.689
UMIZ4M	2003	21	f	224451	58	pódens	FALSE	1958	974912.689	-250500.689
UMIZ4M	2003	21	f	224451	59	bórcer	TRUE	2673	974912.689	-250500.689
UMIZ4M	2003	21	f	224451	60	pratec	FALSE	1557	974912.689	-250500.689
UMIZ4M	2003	21	f	224451	61	takkesz	FALSE	4192	974912.689	-250500.689
UMIZ4M	2003	21	f	224451	62	daken	TRUE	3077	974912.689	-250500.689
UMIZ4M	2003	21	f	224451	63	laben	TRUE	3078	974912.689	-250500.689
UMIZ4M	2003	21	f	224451	64	daken	TRUE	1615	974912.689	-250500.689
UMIZ4M	2003	21	f	224451	65	laben	FALSE	1862	974912.689	-250500.689
UMIZ4M	2003	21	f	224451	66	mojem	FALSE	1292	974912.689	-250500.689
UMIZ4M	2003	21	f	224451	67	bórcer	TRUE	1466	974912.689	-250500.689
UMIZ4M	2003	21	f	224451	68	sudel	FALSE	1060	974912.689	-250500.689
UMIZ4M	2003	21	f	224451	69	bralek	TRUE	1816	974912.689	-250500.689
UMIZ4M	2003	21	f	224451	70	trumlex	FALSE	992	974912.689	-250500.689
UMIZ4M	2003	21	f	224451	71	rojett	FALSE	2389	974912.689	-250500.689
UMIZ4M	2003	21	f	224451	72	bojex	FALSE	1480	974912.689	-250500.689
UMIZ4M	2003	21	f	224451	73	moplec	TRUE	1554	974912.689	-250500.689
UMIZ4M	2003	21	f	224451	74	ojett	FALSE	1225	974912.689	-250500.689
UMIZ4M	2003	21	f	224451	75	hacel	TRUE	1449	974912.689	-250500.689
UMIZ4M	2003	21	f	224451	76	tokex	FALSE	1047	974912.689	-250500.689
UMIZ4M	2003	21	f	224451	77	takkesz	FALSE	1743	974912.689	-250500.689
UMIZ4M	2003	21	f	224451	78	gortesz	FALSE	1795	974912.689	-250500.689
UMIZ4M	2003	21	f	224451	79	ojett	TRUE	1282	974912.689	-250500.689
UMIZ4M	2003	21	f	224451	80	vódett	FALSE	1477	974912.689	-250500.689
UMIZ4M	2003	21	f	224451	81	sapec	TRUE	1742	974912.689	-250500.689
UMIZ4M	2003	21	f	224451	82	pofszett	FALSE	890	974912.689	-250500.689
UMIZ4M	2003	21	f	224451	83	szláken	FALSE	1323	974912.689	-250500.689
UMIZ4M	2003	21	f	224451	84	slotens	FALSE	941	974912.689	-250500.689
UMIZ4M	2003	21	f	224451	85	bondett	TRUE	4069	974912.689	-250500.689
UMIZ4M	2003	21	f	224451	86	pámen	FALSE	968	974912.689	-250500.689
UMIZ4M	2003	21	f	224451	87	baktec	FALSE	2372	974912.689	-250500.689
UMIZ4M	2003	21	f	224451	88	sapec	TRUE	1133	974912.689	-250500.689
UMIZ4M	2003	21	f	224451	89	pámen	TRUE	1237	974912.689	-250500.689
UMIZ4M	2003	21	f	224451	90	kokker	TRUE	2296	974912.689	-250500.689
UMIZ4M	2003	21	f	224451	91	stokler	FALSE	1054	974912.689	-250500.689
UMIZ4M	2003	21	f	224451	92	moplec	FALSE	1535	974912.689	-250500.689
UMIZ4M	2003	21	f	224451	93	kranel	TRUE	1237	974912.689	-250500.689
UMIZ4M	2003	21	f	224451	94	kacsek	FALSE	1791	974912.689	-250500.689
UMIZ4M	2003	21	f	224451	95	hodel	TRUE	2110	974912.689	-250500.689
UMIZ4M	2003	21	f	224451	96	voglens	FALSE	1645	974912.689	-250500.689
UMIZ4M	2003	21	f	224451	97	baktec	FALSE	2047	974912.689	-250500.689
UMIZ4M	2003	21	f	224451	98	hacel	TRUE	1645	974912.689	-250500.689
UMIZ4M	2003	21	f	224451	99	rojett	FALSE	1970	974912.689	-250500.689
UMIZ4M	2003	21	f	224451	100	stokler	FALSE	1163	974912.689	-250500.689
QY4DGD	2005	19	f	156018	1	slotens	FALSE	4992	974912.689	-250500.689
QY4DGD	2005	19	f	156018	2	mojem	TRUE	4122	974912.689	-250500.689
QY4DGD	2005	19	f	156018	3	takkesz	TRUE	3180	974912.689	-250500.689
QY4DGD	2005	19	f	156018	4	plosztem	TRUE	4612	974912.689	-250500.689
QY4DGD	2005	19	f	156018	5	sapec	TRUE	4003	974912.689	-250500.689
QY4DGD	2005	19	f	156018	6	stokler	TRUE	3205	974912.689	-250500.689
QY4DGD	2005	19	f	156018	7	gortesz	TRUE	3610	974912.689	-250500.689
QY4DGD	2005	19	f	156018	8	mojem	FALSE	3928	974912.689	-250500.689
QY4DGD	2005	19	f	156018	9	hacel	TRUE	3018	974912.689	-250500.689
QY4DGD	2005	19	f	156018	10	kacsek	FALSE	5592	974912.689	-250500.689
QY4DGD	2005	19	f	156018	11	kampesz	FALSE	4553	974912.689	-250500.689
QY4DGD	2005	19	f	156018	12	ojett	TRUE	2631	974912.689	-250500.689
QY4DGD	2005	19	f	156018	13	baktec	TRUE	3908	974912.689	-250500.689
QY4DGD	2005	19	f	156018	14	laben	FALSE	2139	974912.689	-250500.689
QY4DGD	2005	19	f	156018	15	bojex	FALSE	7786	974912.689	-250500.689
QY4DGD	2005	19	f	156018	16	tosztem	FALSE	1894	974912.689	-250500.689
QY4DGD	2005	19	f	156018	17	pódens	FALSE	2715	974912.689	-250500.689
QY4DGD	2005	19	f	156018	18	ubrem	FALSE	4401	974912.689	-250500.689
QY4DGD	2005	19	f	156018	19	loftvens	FALSE	3469	974912.689	-250500.689
QY4DGD	2005	19	f	156018	20	kokker	FALSE	2900	974912.689	-250500.689
QY4DGD	2005	19	f	156018	21	voglens	FALSE	3419	974912.689	-250500.689
QY4DGD	2005	19	f	156018	22	bralek	FALSE	1908	974912.689	-250500.689
QY4DGD	2005	19	f	156018	23	moplec	FALSE	3188	974912.689	-250500.689
QY4DGD	2005	19	f	156018	24	bondett	FALSE	3148	974912.689	-250500.689
QY4DGD	2005	19	f	156018	25	vódett	FALSE	2373	974912.689	-250500.689
QY4DGD	2005	19	f	156018	26	pofszett	FALSE	6055	974912.689	-250500.689
QY4DGD	2005	19	f	156018	27	trumlex	FALSE	4925	974912.689	-250500.689
QY4DGD	2005	19	f	156018	28	kranel	FALSE	10160	974912.689	-250500.689
QY4DGD	2005	19	f	156018	29	bórcer	FALSE	6639	974912.689	-250500.689
QY4DGD	2005	19	f	156018	30	szláken	FALSE	3063	974912.689	-250500.689
QY4DGD	2005	19	f	156018	31	kampesz	FALSE	322	974912.689	-250500.689
QY4DGD	2005	19	f	156018	32	kojex	FALSE	587	974912.689	-250500.689
QY4DGD	2005	19	f	156018	33	sudel	FALSE	513	974912.689	-250500.689
QY4DGD	2005	19	f	156018	34	kamesz	FALSE	345	974912.689	-250500.689
QY4DGD	2005	19	f	156018	35	hacel	FALSE	220	974912.689	-250500.689
QY4DGD	2005	19	f	156018	36	forrel	FALSE	88	974912.689	-250500.689
QY4DGD	2005	19	f	156018	37	daken	FALSE	730	974912.689	-250500.689
QY4DGD	2005	19	f	156018	38	daken	FALSE	221	974912.689	-250500.689
QY4DGD	2005	19	f	156018	39	vódett	FALSE	69	974912.689	-250500.689
QY4DGD	2005	19	f	156018	40	dubex	FALSE	78	974912.689	-250500.689
QY4DGD	2005	19	f	156018	41	slotens	FALSE	210	974912.689	-250500.689
QY4DGD	2005	19	f	156018	42	rojett	FALSE	1317	974912.689	-250500.689
QY4DGD	2005	19	f	156018	43	bálen	FALSE	357	974912.689	-250500.689
QY4DGD	2005	19	f	156018	44	flotek	FALSE	454	974912.689	-250500.689
QY4DGD	2005	19	f	156018	45	forrel	TRUE	7151	974912.689	-250500.689
QY4DGD	2005	19	f	156018	46	ojett	FALSE	2439	974912.689	-250500.689
QY4DGD	2005	19	f	156018	47	kumek	FALSE	192	974912.689	-250500.689
QY4DGD	2005	19	f	156018	48	laben	FALSE	490	974912.689	-250500.689
QY4DGD	2005	19	f	156018	49	pámen	FALSE	287	974912.689	-250500.689
QY4DGD	2005	19	f	156018	50	baktec	FALSE	30	974912.689	-250500.689
QY4DGD	2005	19	f	156018	51	próngem	FALSE	192	974912.689	-250500.689
QY4DGD	2005	19	f	156018	52	trumlex	FALSE	199	974912.689	-250500.689
QY4DGD	2005	19	f	156018	53	tokex	FALSE	111	974912.689	-250500.689
QY4DGD	2005	19	f	156018	54	kojex	FALSE	323	974912.689	-250500.689
QY4DGD	2005	19	f	156018	55	pratec	FALSE	29	974912.689	-250500.689
QY4DGD	2005	19	f	156018	56	bórcer	FALSE	183	974912.689	-250500.689
QY4DGD	2005	19	f	156018	57	suter	FALSE	201	974912.689	-250500.689
QY4DGD	2005	19	f	156018	58	kajler	FALSE	261	974912.689	-250500.689
QY4DGD	2005	19	f	156018	59	pódens	FALSE	17	974912.689	-250500.689
QY4DGD	2005	19	f	156018	60	rojett	FALSE	284	974912.689	-250500.689
QY4DGD	2005	19	f	156018	61	sapec	FALSE	91	974912.689	-250500.689
QY4DGD	2005	19	f	156018	62	próngem	FALSE	243	974912.689	-250500.689
QY4DGD	2005	19	f	156018	63	plosztem	FALSE	180	974912.689	-250500.689
QY4DGD	2005	19	f	156018	64	ubrem	FALSE	324	974912.689	-250500.689
QY4DGD	2005	19	f	156018	65	moplec	FALSE	238	974912.689	-250500.689
QY4DGD	2005	19	f	156018	66	loftvens	FALSE	366	974912.689	-250500.689
QY4DGD	2005	19	f	156018	67	kacsek	FALSE	422	974912.689	-250500.689
QY4DGD	2005	19	f	156018	68	bálen	FALSE	880	974912.689	-250500.689
QY4DGD	2005	19	f	156018	69	pámen	FALSE	347	974912.689	-250500.689
QY4DGD	2005	19	f	156018	70	hókens	FALSE	953	974912.689	-250500.689
QY4DGD	2005	19	f	156018	71	tosztem	FALSE	347	974912.689	-250500.689
QY4DGD	2005	19	f	156018	72	szkatyec	FALSE	669	974912.689	-250500.689
QY4DGD	2005	19	f	156018	73	szkatyec	FALSE	457	974912.689	-250500.689
QY4DGD	2005	19	f	156018	74	szláken	FALSE	23	974912.689	-250500.689
QY4DGD	2005	19	f	156018	75	stokler	FALSE	306	974912.689	-250500.689
QY4DGD	2005	19	f	156018	76	takkesz	FALSE	80	974912.689	-250500.689
QY4DGD	2005	19	f	156018	77	hókens	FALSE	450	974912.689	-250500.689
QY4DGD	2005	19	f	156018	78	pratec	FALSE	782	974912.689	-250500.689
QY4DGD	2005	19	f	156018	79	gortesz	FALSE	356	974912.689	-250500.689
QY4DGD	2005	19	f	156018	80	kokker	FALSE	411	974912.689	-250500.689
QY4DGD	2005	19	f	156018	81	bachesz	FALSE	1878	974912.689	-250500.689
QY4DGD	2005	19	f	156018	82	tokex	FALSE	189	974912.689	-250500.689
QY4DGD	2005	19	f	156018	83	kamesz	FALSE	416	974912.689	-250500.689
QY4DGD	2005	19	f	156018	84	hodel	FALSE	331	974912.689	-250500.689
QY4DGD	2005	19	f	156018	85	kumek	FALSE	380	974912.689	-250500.689
QY4DGD	2005	19	f	156018	86	bralek	FALSE	159	974912.689	-250500.689
QY4DGD	2005	19	f	156018	87	flotek	FALSE	347	974912.689	-250500.689
QY4DGD	2005	19	f	156018	88	saklek	FALSE	322	974912.689	-250500.689
QY4DGD	2005	19	f	156018	89	bondett	FALSE	709	974912.689	-250500.689
QY4DGD	2005	19	f	156018	90	sudel	FALSE	385	974912.689	-250500.689
QY4DGD	2005	19	f	156018	91	dubex	FALSE	372	974912.689	-250500.689
QY4DGD	2005	19	f	156018	92	pofszett	FALSE	365	974912.689	-250500.689
QY4DGD	2005	19	f	156018	93	bojex	FALSE	412	974912.689	-250500.689
QY4DGD	2005	19	f	156018	94	kranel	FALSE	376	974912.689	-250500.689
QY4DGD	2005	19	f	156018	95	hodel	FALSE	679	974912.689	-250500.689
QY4DGD	2005	19	f	156018	96	kajler	FALSE	179	974912.689	-250500.689
QY4DGD	2005	19	f	156018	97	bachesz	FALSE	292	974912.689	-250500.689
QY4DGD	2005	19	f	156018	98	voglens	FALSE	284	974912.689	-250500.689
QY4DGD	2005	19	f	156018	99	suter	FALSE	284	974912.689	-250500.689
QY4DGD	2005	19	f	156018	100	saklek	FALSE	298	974912.689	-250500.689
JD36VT	2004	20	f	273868	1	pofszett	FALSE	12161	974912.689	-250500.689
JD36VT	2004	20	f	273868	2	trumlex	FALSE	4651	974912.689	-250500.689
JD36VT	2004	20	f	273868	3	próngem	FALSE	6159	974912.689	-250500.689
JD36VT	2004	20	f	273868	4	takkesz	TRUE	4167	974912.689	-250500.689
JD36VT	2004	20	f	273868	5	bralek	TRUE	3381	974912.689	-250500.689
JD36VT	2004	20	f	273868	6	pratec	FALSE	4568	974912.689	-250500.689
JD36VT	2004	20	f	273868	7	vódett	FALSE	2902	974912.689	-250500.689
JD36VT	2004	20	f	273868	8	szláken	FALSE	3748	974912.689	-250500.689
JD36VT	2004	20	f	273868	9	gortesz	TRUE	5349	974912.689	-250500.689
JD36VT	2004	20	f	273868	10	gortesz	FALSE	4657	974912.689	-250500.689
JD36VT	2004	20	f	273868	11	kumek	TRUE	4338	974912.689	-250500.689
JD36VT	2004	20	f	273868	12	pofszett	FALSE	3504	974912.689	-250500.689
JD36VT	2004	20	f	273868	13	szláken	FALSE	4518	974912.689	-250500.689
JD36VT	2004	20	f	273868	14	voglens	TRUE	4762	974912.689	-250500.689
JD36VT	2004	20	f	273868	15	forrel	TRUE	3652	974912.689	-250500.689
JD36VT	2004	20	f	273868	16	ojett	FALSE	3047	974912.689	-250500.689
JD36VT	2004	20	f	273868	17	kampesz	TRUE	6002	974912.689	-250500.689
JD36VT	2004	20	f	273868	18	slotens	FALSE	2311	974912.689	-250500.689
JD36VT	2004	20	f	273868	19	próngem	FALSE	3714	974912.689	-250500.689
JD36VT	2004	20	f	273868	20	kacsek	TRUE	4019	974912.689	-250500.689
JD36VT	2004	20	f	273868	21	kajler	TRUE	2353	974912.689	-250500.689
JD36VT	2004	20	f	273868	22	bondett	TRUE	2868	974912.689	-250500.689
JD36VT	2004	20	f	273868	23	hókens	FALSE	2604	974912.689	-250500.689
JD36VT	2004	20	f	273868	24	dubex	TRUE	2988	974912.689	-250500.689
JD36VT	2004	20	f	273868	25	stokler	FALSE	5379	974912.689	-250500.689
JD36VT	2004	20	f	273868	26	hacel	FALSE	12394	974912.689	-250500.689
JD36VT	2004	20	f	273868	27	suter	FALSE	2359	974912.689	-250500.689
JD36VT	2004	20	f	273868	28	tosztem	FALSE	4554	974912.689	-250500.689
JD36VT	2004	20	f	273868	29	kokker	FALSE	5763	974912.689	-250500.689
JD36VT	2004	20	f	273868	30	hókens	FALSE	2277	974912.689	-250500.689
JD36VT	2004	20	f	273868	31	mojem	FALSE	2974	974912.689	-250500.689
JD36VT	2004	20	f	273868	32	kokker	TRUE	3472	974912.689	-250500.689
JD36VT	2004	20	f	273868	33	tokex	FALSE	2521	974912.689	-250500.689
JD36VT	2004	20	f	273868	34	bálen	FALSE	229	974912.689	-250500.689
JD36VT	2004	20	f	273868	35	forrel	FALSE	172	974912.689	-250500.689
JD36VT	2004	20	f	273868	36	kajler	FALSE	39	974912.689	-250500.689
JD36VT	2004	20	f	273868	37	bachesz	FALSE	2769	974912.689	-250500.689
JD36VT	2004	20	f	273868	38	voglens	FALSE	2099	974912.689	-250500.689
JD36VT	2004	20	f	273868	39	szkatyec	TRUE	3391	974912.689	-250500.689
JD36VT	2004	20	f	273868	40	dubex	FALSE	1441	974912.689	-250500.689
JD36VT	2004	20	f	273868	41	hodel	FALSE	2129	974912.689	-250500.689
JD36VT	2004	20	f	273868	42	pódens	FALSE	1932	974912.689	-250500.689
JD36VT	2004	20	f	273868	43	loftvens	TRUE	3427	974912.689	-250500.689
JD36VT	2004	20	f	273868	44	suter	FALSE	1848	974912.689	-250500.689
JD36VT	2004	20	f	273868	45	laben	FALSE	2579	974912.689	-250500.689
JD36VT	2004	20	f	273868	46	szkatyec	TRUE	1619	974912.689	-250500.689
JD36VT	2004	20	f	273868	47	plosztem	TRUE	2452	974912.689	-250500.689
JD36VT	2004	20	f	273868	48	daken	TRUE	1955	974912.689	-250500.689
JD36VT	2004	20	f	273868	49	rojett	TRUE	1864	974912.689	-250500.689
JD36VT	2004	20	f	273868	50	kojex	FALSE	2245	974912.689	-250500.689
JD36VT	2004	20	f	273868	51	kamesz	TRUE	1408	974912.689	-250500.689
JD36VT	2004	20	f	273868	52	kranel	TRUE	1976	974912.689	-250500.689
JD36VT	2004	20	f	273868	53	loftvens	TRUE	1677	974912.689	-250500.689
JD36VT	2004	20	f	273868	54	tokex	FALSE	1843	974912.689	-250500.689
JD36VT	2004	20	f	273868	55	mojem	FALSE	2123	974912.689	-250500.689
JD36VT	2004	20	f	273868	56	sapec	TRUE	3874	974912.689	-250500.689
JD36VT	2004	20	f	273868	57	kumek	FALSE	2193	974912.689	-250500.689
JD36VT	2004	20	f	273868	58	kacsek	TRUE	2986	974912.689	-250500.689
JD36VT	2004	20	f	273868	59	daken	FALSE	1998	974912.689	-250500.689
JD36VT	2004	20	f	273868	60	flotek	FALSE	1387	974912.689	-250500.689
JD36VT	2004	20	f	273868	61	moplec	FALSE	1485	974912.689	-250500.689
JD36VT	2004	20	f	273868	62	pámen	FALSE	2098	974912.689	-250500.689
JD36VT	2004	20	f	273868	63	flotek	FALSE	3584	974912.689	-250500.689
JD36VT	2004	20	f	273868	64	hacel	TRUE	2010	974912.689	-250500.689
JD36VT	2004	20	f	273868	65	pámen	FALSE	1620	974912.689	-250500.689
JD36VT	2004	20	f	273868	66	saklek	FALSE	1471	974912.689	-250500.689
JD36VT	2004	20	f	273868	67	ubrem	FALSE	1601	974912.689	-250500.689
JD36VT	2004	20	f	273868	68	sapec	TRUE	1226	974912.689	-250500.689
JD36VT	2004	20	f	273868	69	bondett	FALSE	2511	974912.689	-250500.689
JD36VT	2004	20	f	273868	70	saklek	FALSE	1342	974912.689	-250500.689
JD36VT	2004	20	f	273868	71	stokler	FALSE	1963	974912.689	-250500.689
JD36VT	2004	20	f	273868	72	bralek	FALSE	3761	974912.689	-250500.689
JD36VT	2004	20	f	273868	73	trumlex	FALSE	1402	974912.689	-250500.689
JD36VT	2004	20	f	273868	74	kojex	FALSE	1101	974912.689	-250500.689
JD36VT	2004	20	f	273868	75	slotens	FALSE	1128	974912.689	-250500.689
JD36VT	2004	20	f	273868	76	laben	TRUE	2675	974912.689	-250500.689
JD36VT	2004	20	f	273868	77	bachesz	FALSE	1058	974912.689	-250500.689
JD36VT	2004	20	f	273868	78	bórcer	FALSE	1418	974912.689	-250500.689
JD36VT	2004	20	f	273868	79	bojex	FALSE	1503	974912.689	-250500.689
JD36VT	2004	20	f	273868	80	vódett	FALSE	1571	974912.689	-250500.689
JD36VT	2004	20	f	273868	81	kampesz	TRUE	973	974912.689	-250500.689
JD36VT	2004	20	f	273868	82	baktec	FALSE	1288	974912.689	-250500.689
JD36VT	2004	20	f	273868	83	kamesz	TRUE	1371	974912.689	-250500.689
JD36VT	2004	20	f	273868	84	bojex	TRUE	3424	974912.689	-250500.689
JD36VT	2004	20	f	273868	85	bórcer	FALSE	1013	974912.689	-250500.689
JD36VT	2004	20	f	273868	86	pratec	FALSE	1224	974912.689	-250500.689
JD36VT	2004	20	f	273868	87	bálen	FALSE	2219	974912.689	-250500.689
JD36VT	2004	20	f	273868	88	sudel	FALSE	1311	974912.689	-250500.689
JD36VT	2004	20	f	273868	89	ojett	FALSE	2219	974912.689	-250500.689
JD36VT	2004	20	f	273868	90	baktec	FALSE	1234	974912.689	-250500.689
JD36VT	2004	20	f	273868	91	rojett	TRUE	3446	974912.689	-250500.689
JD36VT	2004	20	f	273868	92	ubrem	FALSE	1130	974912.689	-250500.689
JD36VT	2004	20	f	273868	93	plosztem	FALSE	2337	974912.689	-250500.689
JD36VT	2004	20	f	273868	94	takkesz	TRUE	3824	974912.689	-250500.689
JD36VT	2004	20	f	273868	95	sudel	FALSE	1852	974912.689	-250500.689
JD36VT	2004	20	f	273868	96	tosztem	FALSE	2524	974912.689	-250500.689
JD36VT	2004	20	f	273868	97	moplec	TRUE	2822	974912.689	-250500.689
JD36VT	2004	20	f	273868	98	kranel	FALSE	2549	974912.689	-250500.689
JD36VT	2004	20	f	273868	99	pódens	FALSE	1118	974912.689	-250500.689
JD36VT	2004	20	f	273868	100	hodel	FALSE	1691	974912.689	-250500.689
XQN4ZV	2005	19	n	510193	1	kokker	FALSE	4519	974912.689	-250500.689
XQN4ZV	2005	19	n	510193	2	rojett	FALSE	5012	974912.689	-250500.689
XQN4ZV	2005	19	n	510193	3	loftvens	TRUE	5219	974912.689	-250500.689
XQN4ZV	2005	19	n	510193	4	tokex	TRUE	5858	974912.689	-250500.689
XQN4ZV	2005	19	n	510193	5	bórcer	FALSE	7467	974912.689	-250500.689
XQN4ZV	2005	19	n	510193	6	stokler	FALSE	4454	974912.689	-250500.689
XQN4ZV	2005	19	n	510193	7	bachesz	TRUE	6183	974912.689	-250500.689
XQN4ZV	2005	19	n	510193	8	kranel	FALSE	5533	974912.689	-250500.689
XQN4ZV	2005	19	n	510193	9	szláken	FALSE	4776	974912.689	-250500.689
XQN4ZV	2005	19	n	510193	10	pratec	TRUE	3832	974912.689	-250500.689
XQN4ZV	2005	19	n	510193	11	loftvens	FALSE	5600	974912.689	-250500.689
XQN4ZV	2005	19	n	510193	12	szkatyec	TRUE	6126	974912.689	-250500.689
XQN4ZV	2005	19	n	510193	13	sudel	FALSE	4875	974912.689	-250500.689
XQN4ZV	2005	19	n	510193	14	flotek	TRUE	8781	974912.689	-250500.689
XQN4ZV	2005	19	n	510193	15	mojem	FALSE	9362	974912.689	-250500.689
XQN4ZV	2005	19	n	510193	16	flotek	FALSE	6328	974912.689	-250500.689
XQN4ZV	2005	19	n	510193	17	laben	FALSE	6019	974912.689	-250500.689
XQN4ZV	2005	19	n	510193	18	kumek	FALSE	4562	974912.689	-250500.689
XQN4ZV	2005	19	n	510193	19	próngem	FALSE	9221	974912.689	-250500.689
XQN4ZV	2005	19	n	510193	20	pratec	TRUE	6090	974912.689	-250500.689
XQN4ZV	2005	19	n	510193	21	hacel	FALSE	9051	974912.689	-250500.689
XQN4ZV	2005	19	n	510193	22	slotens	FALSE	3650	974912.689	-250500.689
XQN4ZV	2005	19	n	510193	23	sapec	TRUE	3194	974912.689	-250500.689
XQN4ZV	2005	19	n	510193	24	hókens	FALSE	4282	974912.689	-250500.689
XQN4ZV	2005	19	n	510193	25	saklek	FALSE	4399	974912.689	-250500.689
XQN4ZV	2005	19	n	510193	26	kojex	FALSE	3878	974912.689	-250500.689
XQN4ZV	2005	19	n	510193	27	bondett	FALSE	4131	974912.689	-250500.689
XQN4ZV	2005	19	n	510193	28	kokker	FALSE	2468	974912.689	-250500.689
XQN4ZV	2005	19	n	510193	29	bralek	TRUE	5125	974912.689	-250500.689
XQN4ZV	2005	19	n	510193	30	pámen	TRUE	7288	974912.689	-250500.689
XQN4ZV	2005	19	n	510193	31	pofszett	FALSE	4487	974912.689	-250500.689
XQN4ZV	2005	19	n	510193	32	vódett	FALSE	5259	974912.689	-250500.689
XQN4ZV	2005	19	n	510193	33	daken	FALSE	3337	974912.689	-250500.689
XQN4ZV	2005	19	n	510193	34	tosztem	FALSE	5484	974912.689	-250500.689
XQN4ZV	2005	19	n	510193	35	suter	FALSE	4694	974912.689	-250500.689
XQN4ZV	2005	19	n	510193	36	bojex	FALSE	3619	974912.689	-250500.689
XQN4ZV	2005	19	n	510193	37	szláken	FALSE	3290	974912.689	-250500.689
XQN4ZV	2005	19	n	510193	38	forrel	FALSE	12178	974912.689	-250500.689
XQN4ZV	2005	19	n	510193	39	kajler	TRUE	3590	974912.689	-250500.689
XQN4ZV	2005	19	n	510193	40	kranel	FALSE	6748	974912.689	-250500.689
XQN4ZV	2005	19	n	510193	41	kacsek	TRUE	5750	974912.689	-250500.689
XQN4ZV	2005	19	n	510193	42	bálen	FALSE	6854	974912.689	-250500.689
XQN4ZV	2005	19	n	510193	43	kumek	TRUE	4024	974912.689	-250500.689
XQN4ZV	2005	19	n	510193	44	kamesz	FALSE	10699	974912.689	-250500.689
XQN4ZV	2005	19	n	510193	45	baktec	TRUE	5417	974912.689	-250500.689
XQN4ZV	2005	19	n	510193	46	ubrem	TRUE	4961	974912.689	-250500.689
XQN4ZV	2005	19	n	510193	47	voglens	FALSE	4856	974912.689	-250500.689
XQN4ZV	2005	19	n	510193	48	kampesz	TRUE	3124	974912.689	-250500.689
XQN4ZV	2005	19	n	510193	49	sudel	FALSE	8253	974912.689	-250500.689
XQN4ZV	2005	19	n	510193	50	moplec	FALSE	6626	974912.689	-250500.689
XQN4ZV	2005	19	n	510193	51	ojett	TRUE	5727	974912.689	-250500.689
XQN4ZV	2005	19	n	510193	52	hodel	TRUE	4637	974912.689	-250500.689
XQN4ZV	2005	19	n	510193	53	bojex	FALSE	5143	974912.689	-250500.689
XQN4ZV	2005	19	n	510193	54	saklek	FALSE	7414	974912.689	-250500.689
XQN4ZV	2005	19	n	510193	55	ojett	FALSE	5696	974912.689	-250500.689
XQN4ZV	2005	19	n	510193	56	takkesz	FALSE	5127	974912.689	-250500.689
XQN4ZV	2005	19	n	510193	57	gortesz	FALSE	8309	974912.689	-250500.689
XQN4ZV	2005	19	n	510193	58	voglens	FALSE	2912	974912.689	-250500.689
XQN4ZV	2005	19	n	510193	59	hodel	FALSE	3887	974912.689	-250500.689
XQN4ZV	2005	19	n	510193	60	bórcer	FALSE	2978	974912.689	-250500.689
XQN4ZV	2005	19	n	510193	61	pódens	FALSE	3714	974912.689	-250500.689
XQN4ZV	2005	19	n	510193	62	tosztem	FALSE	2656	974912.689	-250500.689
XQN4ZV	2005	19	n	510193	63	slotens	FALSE	4433	974912.689	-250500.689
XQN4ZV	2005	19	n	510193	64	bondett	FALSE	3336	974912.689	-250500.689
XQN4ZV	2005	19	n	510193	65	bachesz	TRUE	6087	974912.689	-250500.689
XQN4ZV	2005	19	n	510193	66	stokler	FALSE	3800	974912.689	-250500.689
XQN4ZV	2005	19	n	510193	67	daken	FALSE	2915	974912.689	-250500.689
XQN4ZV	2005	19	n	510193	68	trumlex	FALSE	6190	974912.689	-250500.689
XQN4ZV	2005	19	n	510193	69	kajler	FALSE	6718	974912.689	-250500.689
XQN4ZV	2005	19	n	510193	70	dubex	FALSE	5209	974912.689	-250500.689
XQN4ZV	2005	19	n	510193	71	forrel	TRUE	6627	974912.689	-250500.689
XQN4ZV	2005	19	n	510193	72	gortesz	FALSE	7456	974912.689	-250500.689
XQN4ZV	2005	19	n	510193	73	bálen	FALSE	3934	974912.689	-250500.689
XQN4ZV	2005	19	n	510193	74	kojex	TRUE	8351	974912.689	-250500.689
XQN4ZV	2005	19	n	510193	75	próngem	FALSE	3043	974912.689	-250500.689
XQN4ZV	2005	19	n	510193	76	bralek	TRUE	4527	974912.689	-250500.689
XQN4ZV	2005	19	n	510193	77	pámen	FALSE	5083	974912.689	-250500.689
XQN4ZV	2005	19	n	510193	78	sapec	TRUE	4129	974912.689	-250500.689
XQN4ZV	2005	19	n	510193	79	plosztem	FALSE	7128	974912.689	-250500.689
XQN4ZV	2005	19	n	510193	80	szkatyec	TRUE	3542	974912.689	-250500.689
XQN4ZV	2005	19	n	510193	81	baktec	TRUE	4923	974912.689	-250500.689
XQN4ZV	2005	19	n	510193	82	hacel	TRUE	5877	974912.689	-250500.689
XQN4ZV	2005	19	n	510193	83	suter	FALSE	2938	974912.689	-250500.689
XQN4ZV	2005	19	n	510193	84	pódens	FALSE	1988	974912.689	-250500.689
XQN4ZV	2005	19	n	510193	85	tokex	FALSE	1908	974912.689	-250500.689
XQN4ZV	2005	19	n	510193	86	takkesz	FALSE	6128	974912.689	-250500.689
XQN4ZV	2005	19	n	510193	87	ubrem	FALSE	2561	974912.689	-250500.689
XQN4ZV	2005	19	n	510193	88	dubex	FALSE	4573	974912.689	-250500.689
XQN4ZV	2005	19	n	510193	89	kamesz	FALSE	7607	974912.689	-250500.689
XQN4ZV	2005	19	n	510193	90	moplec	TRUE	5323	974912.689	-250500.689
XQN4ZV	2005	19	n	510193	91	trumlex	TRUE	2956	974912.689	-250500.689
XQN4ZV	2005	19	n	510193	92	kacsek	TRUE	2410	974912.689	-250500.689
XQN4ZV	2005	19	n	510193	93	vódett	FALSE	2073	974912.689	-250500.689
XQN4ZV	2005	19	n	510193	94	pofszett	FALSE	4224	974912.689	-250500.689
XQN4ZV	2005	19	n	510193	95	laben	FALSE	3210	974912.689	-250500.689
XQN4ZV	2005	19	n	510193	96	kampesz	TRUE	4862	974912.689	-250500.689
XQN4ZV	2005	19	n	510193	97	rojett	FALSE	2635	974912.689	-250500.689
XQN4ZV	2005	19	n	510193	98	plosztem	FALSE	2452	974912.689	-250500.689
XQN4ZV	2005	19	n	510193	99	mojem	FALSE	7346	974912.689	-250500.689
XQN4ZV	2005	19	n	510193	100	hókens	FALSE	2958	974912.689	-250500.689
S8KWUC	2006	18	n	509344	1	flotek	FALSE	6962	974912.689	-250500.689
S8KWUC	2006	18	n	509344	2	tosztem	FALSE	5911	974912.689	-250500.689
S8KWUC	2006	18	n	509344	3	suter	FALSE	4626	974912.689	-250500.689
S8KWUC	2006	18	n	509344	4	hacel	TRUE	9310	974912.689	-250500.689
S8KWUC	2006	18	n	509344	5	pratec	TRUE	5982	974912.689	-250500.689
S8KWUC	2006	18	n	509344	6	hodel	TRUE	5037	974912.689	-250500.689
S8KWUC	2006	18	n	509344	7	kajler	FALSE	5478	974912.689	-250500.689
S8KWUC	2006	18	n	509344	8	ubrem	FALSE	3368	974912.689	-250500.689
S8KWUC	2006	18	n	509344	9	mojem	FALSE	5225	974912.689	-250500.689
S8KWUC	2006	18	n	509344	10	kokker	FALSE	24650	974912.689	-250500.689
S8KWUC	2006	18	n	509344	11	sapec	FALSE	8215	974912.689	-250500.689
S8KWUC	2006	18	n	509344	12	kampesz	FALSE	24345	974912.689	-250500.689
S8KWUC	2006	18	n	509344	13	loftvens	FALSE	9479	974912.689	-250500.689
S8KWUC	2006	18	n	509344	14	sudel	FALSE	11482	974912.689	-250500.689
S8KWUC	2006	18	n	509344	15	ubrem	FALSE	6409	974912.689	-250500.689
S8KWUC	2006	18	n	509344	16	flotek	FALSE	6379	974912.689	-250500.689
S8KWUC	2006	18	n	509344	17	pratec	FALSE	11495	974912.689	-250500.689
S8KWUC	2006	18	n	509344	18	kranel	FALSE	4376	974912.689	-250500.689
S8KWUC	2006	18	n	509344	19	kranel	TRUE	7441	974912.689	-250500.689
S8KWUC	2006	18	n	509344	20	kumek	FALSE	9132	974912.689	-250500.689
S8KWUC	2006	18	n	509344	21	bondett	FALSE	5394	974912.689	-250500.689
S8KWUC	2006	18	n	509344	22	tokex	FALSE	5933	974912.689	-250500.689
S8KWUC	2006	18	n	509344	23	kampesz	FALSE	5559	974912.689	-250500.689
S8KWUC	2006	18	n	509344	24	takkesz	FALSE	6271	974912.689	-250500.689
S8KWUC	2006	18	n	509344	25	baktec	FALSE	6352	974912.689	-250500.689
S8KWUC	2006	18	n	509344	26	pódens	FALSE	7114	974912.689	-250500.689
S8KWUC	2006	18	n	509344	27	laben	FALSE	21125	974912.689	-250500.689
S8KWUC	2006	18	n	509344	28	bálen	FALSE	9023	974912.689	-250500.689
S8KWUC	2006	18	n	509344	29	forrel	FALSE	42534	974912.689	-250500.689
S8KWUC	2006	18	n	509344	30	bórcer	FALSE	5264	974912.689	-250500.689
S8KWUC	2006	18	n	509344	31	rojett	FALSE	3779	974912.689	-250500.689
S8KWUC	2006	18	n	509344	32	tokex	FALSE	4436	974912.689	-250500.689
S8KWUC	2006	18	n	509344	33	voglens	FALSE	5027	974912.689	-250500.689
S8KWUC	2006	18	n	509344	34	saklek	FALSE	9007	974912.689	-250500.689
S8KWUC	2006	18	n	509344	35	slotens	FALSE	5381	974912.689	-250500.689
S8KWUC	2006	18	n	509344	36	pofszett	FALSE	5092	974912.689	-250500.689
S8KWUC	2006	18	n	509344	37	bondett	FALSE	1875	974912.689	-250500.689
S8KWUC	2006	18	n	509344	38	mojem	FALSE	2624	974912.689	-250500.689
S8KWUC	2006	18	n	509344	39	kamesz	FALSE	3462	974912.689	-250500.689
S8KWUC	2006	18	n	509344	40	bralek	FALSE	2332	974912.689	-250500.689
S8KWUC	2006	18	n	509344	41	bojex	FALSE	3020	974912.689	-250500.689
S8KWUC	2006	18	n	509344	42	vódett	FALSE	3596	974912.689	-250500.689
S8KWUC	2006	18	n	509344	43	szláken	FALSE	5774	974912.689	-250500.689
S8KWUC	2006	18	n	509344	44	saklek	FALSE	2415	974912.689	-250500.689
S8KWUC	2006	18	n	509344	45	bálen	FALSE	3728	974912.689	-250500.689
S8KWUC	2006	18	n	509344	46	szkatyec	FALSE	6826	974912.689	-250500.689
S8KWUC	2006	18	n	509344	47	baktec	FALSE	1839	974912.689	-250500.689
S8KWUC	2006	18	n	509344	48	suter	FALSE	2357	974912.689	-250500.689
S8KWUC	2006	18	n	509344	49	rojett	FALSE	2915	974912.689	-250500.689
S8KWUC	2006	18	n	509344	50	slotens	FALSE	3206	974912.689	-250500.689
S8KWUC	2006	18	n	509344	51	stokler	FALSE	3864	974912.689	-250500.689
S8KWUC	2006	18	n	509344	52	bórcer	FALSE	3454	974912.689	-250500.689
S8KWUC	2006	18	n	509344	53	moplec	FALSE	4685	974912.689	-250500.689
S8KWUC	2006	18	n	509344	54	szkatyec	FALSE	3682	974912.689	-250500.689
S8KWUC	2006	18	n	509344	55	tosztem	FALSE	5172	974912.689	-250500.689
S8KWUC	2006	18	n	509344	56	laben	FALSE	4041	974912.689	-250500.689
S8KWUC	2006	18	n	509344	57	loftvens	FALSE	3088	974912.689	-250500.689
S8KWUC	2006	18	n	509344	58	hókens	FALSE	3351	974912.689	-250500.689
S8KWUC	2006	18	n	509344	59	hacel	FALSE	3217	974912.689	-250500.689
S8KWUC	2006	18	n	509344	60	kajler	FALSE	2753	974912.689	-250500.689
S8KWUC	2006	18	n	509344	61	próngem	FALSE	2119	974912.689	-250500.689
S8KWUC	2006	18	n	509344	62	bachesz	FALSE	1903	974912.689	-250500.689
S8KWUC	2006	18	n	509344	63	kokker	FALSE	2349	974912.689	-250500.689
S8KWUC	2006	18	n	509344	64	ojett	FALSE	2615	974912.689	-250500.689
S8KWUC	2006	18	n	509344	65	takkesz	FALSE	3488	974912.689	-250500.689
S8KWUC	2006	18	n	509344	66	pódens	FALSE	2300	974912.689	-250500.689
S8KWUC	2006	18	n	509344	67	kojex	FALSE	10452	974912.689	-250500.689
S8KWUC	2006	18	n	509344	68	sapec	FALSE	4136	974912.689	-250500.689
S8KWUC	2006	18	n	509344	69	bralek	FALSE	3793	974912.689	-250500.689
S8KWUC	2006	18	n	509344	70	gortesz	FALSE	2823	974912.689	-250500.689
S8KWUC	2006	18	n	509344	71	hodel	FALSE	1813	974912.689	-250500.689
S8KWUC	2006	18	n	509344	72	pámen	FALSE	1145	974912.689	-250500.689
S8KWUC	2006	18	n	509344	73	dubex	FALSE	2975	974912.689	-250500.689
S8KWUC	2006	18	n	509344	74	daken	FALSE	899	974912.689	-250500.689
S8KWUC	2006	18	n	509344	75	plosztem	FALSE	783	974912.689	-250500.689
S8KWUC	2006	18	n	509344	76	kamesz	FALSE	920	974912.689	-250500.689
S8KWUC	2006	18	n	509344	77	plosztem	FALSE	485	974912.689	-250500.689
S8KWUC	2006	18	n	509344	78	hókens	FALSE	2769	974912.689	-250500.689
S8KWUC	2006	18	n	509344	79	pofszett	FALSE	2076	974912.689	-250500.689
S8KWUC	2006	18	n	509344	80	bachesz	FALSE	869	974912.689	-250500.689
S8KWUC	2006	18	n	509344	81	vódett	FALSE	781	974912.689	-250500.689
S8KWUC	2006	18	n	509344	82	sudel	FALSE	1548	974912.689	-250500.689
S8KWUC	2006	18	n	509344	83	kumek	FALSE	1572	974912.689	-250500.689
S8KWUC	2006	18	n	509344	84	forrel	FALSE	2575	974912.689	-250500.689
S8KWUC	2006	18	n	509344	85	trumlex	FALSE	5658	974912.689	-250500.689
S8KWUC	2006	18	n	509344	86	kacsek	TRUE	5444	974912.689	-250500.689
S8KWUC	2006	18	n	509344	87	szláken	FALSE	2782	974912.689	-250500.689
S8KWUC	2006	18	n	509344	88	próngem	FALSE	3391	974912.689	-250500.689
S8KWUC	2006	18	n	509344	89	trumlex	FALSE	4985	974912.689	-250500.689
S8KWUC	2006	18	n	509344	90	stokler	FALSE	2324	974912.689	-250500.689
S8KWUC	2006	18	n	509344	91	moplec	FALSE	5242	974912.689	-250500.689
S8KWUC	2006	18	n	509344	92	ojett	FALSE	2994	974912.689	-250500.689
S8KWUC	2006	18	n	509344	93	kacsek	FALSE	2254	974912.689	-250500.689
S8KWUC	2006	18	n	509344	94	voglens	FALSE	851	974912.689	-250500.689
S8KWUC	2006	18	n	509344	95	dubex	FALSE	503	974912.689	-250500.689
S8KWUC	2006	18	n	509344	96	kojex	FALSE	891	974912.689	-250500.689
S8KWUC	2006	18	n	509344	97	pámen	FALSE	1270	974912.689	-250500.689
S8KWUC	2006	18	n	509344	98	daken	TRUE	2248	974912.689	-250500.689
S8KWUC	2006	18	n	509344	99	gortesz	FALSE	3378	974912.689	-250500.689
S8KWUC	2006	18	n	509344	100	bojex	FALSE	2072	974912.689	-250500.689
